search_term,healthy_impr,healthy_clicks,healthy_cost,healthy_conv,bad_impr,bad_clicks,bad_cost,bad_conv,recovery_impr,recovery_clicks,recovery_cost,recovery_conv
alsecco nederland,0,0,0,0,1,0,0.0,0.0,0,0,0,0
aluminium gevelbekleding met isolatie,0,0,0,0,0,0,0,0,1,0,0.0,0.0
binnengevelisolatie,1,0,0.0,0.0,0,0,0,0,0,0,0,0
biobased gevelisolatie,1,0,0.0,0.0,0,0,0,0,0,0,0,0
bluedec gevelisolatie,0,0,0,0,0,0,0,0,2,0,0.0,0.0
buiten gevel isolatie,3,0,0.0,0.0,1,0,0.0,0.0,6,0,0.0,0.0
buiten gevel isoleren,0,0,0,0,1,0,0.0,0.0,0,0,0,0
buiten gevelisolatie,2,0,0.0,0.0,0,0,0,0,1,0,0.0,0.0
buiten isolatie,6,1,0.89,0.0,5,0,0.0,0.0,2,0,0.0,0.0
buiten isolatie gevel,0,0,0,0,8,0,0.0,0.0,5,1,1.25,0.0
buiten isolatie muren,0,0,0,0,1,0,0.0,0.0,0,0,0,0
buiten isolatie platen,1,0,0.0,0.0,0,0,0,0,1,0,0.0,0.0
buiten muren isoleren,3,1,1.46,0.0,0,0,0,0,0,0,0,0
buiten muur isolatie,0,0,0,0,2,0,0.0,0.0,0,0,0,0
buiten muur isoleren,7,3,2.38,0.0,2,1,1.71,0.0,2,0,0.0,0.0
buiten stucwerk op isolatie,5,0,0.0,0.0,2,0,0.0,0.0,0,0,0,0
buitengevel crepi,1,0,0.0,0.0,0,0,0,0,0,0,0,0
buitengevel isolatie,29,3,2.4,1.0,17,1,0.78,0.0,29,6,7.77,1.0
buitengevel isolatie met steenstrips,0,0,0,0,1,1,0.73,0.0,1,1,0.41,0.0
buitengevel isolatie platen,1,0,0.0,0.0,0,0,0,0,0,0,0,0
buitengevel isolatie prijs,1,0,0.0,0.0,0,0,0,0,0,0,0,0
buitengevel isolatie steenstrips,0,0,0,0,1,0,0.0,0.0,1,0,0.0,0.0
buitengevel isoleren,38,4,3.36,0.0,36,5,6.98,0.0,30,5,5.03,0.0
buitengevel isoleren en bekleden,17,1,0.55,0.0,14,5,3.23,0.0,10,2,4.02,0.0
buitengevel isoleren en bekleden met hout,0,0,0,0,2,0,0.0,0.0,1,0,0.0,0.0
buitengevel isoleren en bepleisteren,0,0,0,0,2,0,0.0,0.0,1,0,0.0,0.0
buitengevel isoleren en stucen,13,3,4.4,0.0,9,0,0.0,0.0,11,0,0.0,0.0
buitengevel isoleren en stucen prijs,17,2,2.03,0.0,19,2,0.93,0.0,14,5,3.56,0.0
buitengevel isoleren kosten,1,1,0.43,0.0,0,0,0,0,0,0,0,0
buitengevel isoleren steenstrips,0,0,0,0,2,0,0.0,0.0,0,0,0,0
buitengevel na isoleren,0,0,0,0,0,0,0,0,1,0,0.0,0.0
buitengevel stucen isolatie,1,0,0.0,0.0,0,0,0,0,0,0,0,0
buitengevelisolatie,29,2,5.1,0.0,34,3,4.34,0.0,41,3,4.19,0.0
buitengevelisolatie bedrijven,1,0,0.0,0.0,1,0,0.0,0.0,0,0,0,0
buitengevelisolatie met steenstrips,1,0,0.0,0.0,2,0,0.0,0.0,0,0,0,0
buitengevelisolatie met stucwerk,0,0,0,0,0,0,0,0,3,1,2.02,0.0
buitengevelisolatie prijs per m2,2,0,0.0,0.0,0,0,0,0,0,0,0,0
buitengevelisolatie steenstrips,2,0,0.0,0.0,0,0,0,0,0,0,0,0
buitengevelisolatie stucwerk,1,0,0.0,0.0,2,0,0.0,0.0,5,0,0.0,0.0
buitengevelisolatiesysteem,1,0,0.0,0.0,0,0,0,0,1,0,0.0,0.0
buitenisolatie,2,0,0.0,0.0,3,0,0.0,0.0,6,0,0.0,0.0
buitenisolatie gevel,9,3,2.32,0.0,6,0,0.0,0.0,5,1,1.29,0.0
buitenisolatie gevel prijs,0,0,0,0,1,0,0.0,0.0,0,0,0,0
buitenisolatie huis,0,0,0,0,1,0,0.0,0.0,0,0,0,0
buitenisolatie met steenstrips,0,0,0,0,1,1,1.1,0.0,2,0,0.0,0.0
buitenisolatie met stucwerk,1,0,0.0,0.0,0,0,0,0,0,0,0,0
buitenkant huis isoleren,1,0,0.0,0.0,1,0,0.0,0.0,0,0,0,0
buitenkant isoleren,1,0,0.0,0.0,0,0,0,0,1,0,0.0,0.0
buitenkant isoleren huis,0,0,0,0,1,0,0.0,0.0,0,0,0,0
buitenkant muur isoleren,2,0,0.0,0.0,0,0,0,0,2,0,0.0,0.0
buitenkant woning isoleren,2,1,1.03,0.0,0,0,0,0,1,0,0.0,0.0
buitenmuren isoleren,0,0,0,0,1,0,0.0,0.0,2,0,0.0,0.0
buitenmuur bekleden met steenstrips,0,0,0,0,0,0,0,0,2,0,0.0,0.0
buitenmuur buiten isoleren,0,0,0,0,3,0,0.0,0.0,0,0,0,0
buitenmuur isolatie,11,0,0.0,0.0,4,1,0.62,0.0,10,1,1.8,0.0
buitenmuur isolatie met steenstrips,0,0,0,0,6,1,1.29,0.0,2,0,0.0,0.0
buitenmuur isolatieplaten,0,0,0,0,1,0,0.0,0.0,0,0,0,0
buitenmuur isoleren,14,3,1.79,0.0,20,4,2.53,0.0,23,2,1.76,0.0
buitenmuur isoleren aan buitenkant,0,0,0,0,2,0,0.0,0.0,0,0,0,0
buitenmuur isoleren aan de buitenkant,2,1,0.36,0.0,0,0,0,0,3,0,0.0,0.0
buitenmuur isoleren buitenkant,6,0,0.0,0.0,7,1,0.62,0.0,11,2,1.47,0.0
buitenmuur isoleren en bekleden,0,0,0,0,2,0,0.0,0.0,2,0,0.0,0.0
buitenmuur isoleren en potdekselen,1,0,0.0,0.0,0,0,0,0,0,0,0,0
buitenmuur isoleren en stucen,2,1,0.74,0.0,10,3,2.73,0.0,10,3,1.91,0.0
buitenmuur isoleren met tempex,1,0,0.0,0.0,0,0,0,0,0,0,0,0
buitenmuur isoleren prijs per m2,1,0,0.0,0.0,3,0,0.0,0.0,3,0,0.0,0.0
buitenmuur isoleren steenstrips,2,1,0.5,0.0,0,0,0,0,0,0,0,0
buitenmuur isoleren van buitenaf,3,1,1.25,0.0,0,0,0,0,0,0,0,0
buitenmuur isoleren zonder spouw,1,0,0.0,0.0,0,0,0,0,0,0,0,0
buitenmuur stucen en isoleren,0,0,0,0,0,0,0,0,2,0,0.0,0.0
buitenmuur stucen met isolatie,5,0,0.0,0.0,0,0,0,0,2,1,1.48,0.0
buitenmuur van buiten isoleren,0,0,0,0,0,0,0,0,1,0,0.0,0.0
buitenmuurisolatie,1,0,0.0,0.0,1,0,0.0,0.0,4,0,0.0,0.0
buitenmuurisolatie langs de buitengevel,0,0,0,0,0,0,0,0,1,0,0.0,0.0
buitenmuurisolatie met steenstrips,2,1,1.57,0.0,1,0,0.0,0.0,0,0,0,0
buitenmuurisolatie prijs per m2,1,0,0.0,0.0,0,0,0,0,0,0,0,0
buitenwandisolatie,0,0,0,0,0,0,0,0,1,0,0.0,0.0
buitenzijde gevel isoleren,0,0,0,0,3,0,0.0,0.0,2,1,2.85,0.0
buitenzijde isoleren,1,1,2.11,0.0,0,0,0,0,0,0,0,0
crepi buitenmuur,1,1,0.42,0.0,0,0,0,0,0,0,0,0
crepi gevel,8,0,0.0,0.0,6,1,0.55,0.0,1,1,1.19,0.0
crepi gevel kostprijs,0,0,0,0,1,1,1.24,0.0,0,0,0,0
crepi gevel prijs,0,0,0,0,0,0,0,0,2,2,1.25,0.0
crepi gevel prijzen,0,0,0,0,0,0,0,0,1,1,1.62,0.0
crepi gevelbekleding,4,1,0.62,0.0,6,1,0.7,0.0,1,0,0.0,0.0
crepi gevelisolatie,1,0,0.0,0.0,2,1,3.86,0.0,4,0,0.0,0.0
crepi isolatie,4,1,0.68,0.0,4,0,0.0,0.0,12,3,2.82,0.0
crepi isolatie dikte,1,0,0.0,0.0,0,0,0,0,0,0,0,0
crepi met isolatie,0,0,0,0,0,0,0,0,1,1,0.72,0.0
crepi of kurk,0,0,0,0,0,0,0,0,1,0,0.0,0.0
crepi op isolatie,1,0,0.0,0.0,0,0,0,0,0,0,0,0
crepi plaatsen prijs,2,1,1.09,0.0,0,0,0,0,0,0,0,0
crepi prijs,0,0,0,0,2,0,0.0,0.0,2,0,0.0,0.0
dunne buitengevelisolatie,2,0,0.0,0.0,0,0,0,0,0,0,0,0
dunne isolatie buitenmuur,1,0,0.0,0.0,0,0,0,0,2,0,0.0,0.0
e brick,0,0,0,0,0,0,0,0,1,0,0.0,0.0
enkelsteens muur isoleren buitenkant,1,1,1.65,0.0,1,0,0.0,0.0,1,1,0.36,0.0
enkelsteens muur isoleren buitenkant kosten,0,0,0,0,0,0,0,0,1,0,0.0,0.0
eps buitengevelisolatie,1,0,0.0,0.0,0,0,0,0,1,0,0.0,0.0
eps gevelisolatie,2,0,0.0,0.0,1,0,0.0,0.0,1,0,0.0,0.0
eps isolatie buitenmuur,0,0,0,0,2,0,0.0,0.0,0,0,0,0
eps isolatie en steenstrips,0,0,0,0,2,0,0.0,0.0,0,0,0,0
eps isolatie steenstrips,0,0,0,0,1,0,0.0,0.0,0,0,0,0
eps platen buitengevel,2,0,0.0,0.0,0,0,0,0,0,0,0,0
etics gevel,1,1,0.38,0.0,3,0,0.0,0.0,0,0,0,0
etics gevelisolatie,0,0,0,0,3,1,0.29,0.0,3,0,0.0,0.0
etics isolatie,5,1,0.55,0.0,2,1,0.37,0.0,2,0,0.0,0.0
etics systeem,11,2,0.72,0.0,5,0,0.0,0.0,5,0,0.0,0.0
etics system,0,0,0,0,0,0,0,0,2,0,0.0,0.0
externe isolatie,0,0,0,0,0,0,0,0,1,0,0.0,0.0
geisoleerde gevelbekleding,0,0,0,0,1,0,0.0,0.0,0,0,0,0
geisoleerde steenstrips,0,0,0,0,1,0,0.0,0.0,2,0,0.0,0.0
geluidsisolatie buitenmuur,1,0,0.0,0.0,0,0,0,0,0,0,0,0
gestucte buitenmuur isoleren,1,0,0.0,0.0,0,0,0,0,0,0,0,0
gevel buitenkant isoleren,4,1,0.5,0.0,4,1,0.86,0.0,3,0,0.0,0.0
gevel crepi prijs,0,0,0,0,0,0,0,0,1,0,0.0,0.0
gevel isolatie,8,1,1.25,0.0,5,0,0.0,0.0,8,1,3.14,0.0
gevel isolatie buiten,0,0,0,0,0,0,0,0,2,0,0.0,0.0
gevel isolatie buitenkant,0,0,0,0,0,0,0,0,3,0,0.0,0.0
gevel isolatie buitenzijde,1,1,0.63,0.0,11,3,4.79,0.0,16,2,1.7,0.0
gevel isolatie met steenstrips,1,1,1.88,0.0,3,1,1.07,0.0,3,1,1.12,0.0
gevel isolatie panelen,0,0,0,0,0,0,0,0,1,0,0.0,0.0
gevel isolatie platen,3,0,0.0,0.0,3,0,0.0,0.0,5,1,1.96,1.0
gevel isolatie platen stucen,0,0,0,0,0,0,0,0,6,0,0.0,0.0
gevel isolatie steenstrips,1,0,0.0,0.0,0,0,0,0,1,0,0.0,0.0
gevel isolatie stucwerk,4,1,1.64,0.0,0,0,0,0,1,0,0.0,0.0
gevel isoleren,0,0,0,0,0,0,0,0,2,2,2.53,0.0
gevel isoleren buitenkant,1,0,0.0,0.0,0,0,0,0,0,0,0,0
gevel isoleren buitenkant kosten,0,0,0,0,0,0,0,0,1,0,0.0,0.0
gevel isoleren buitenzijde,6,1,1.1,0.0,4,1,0.61,0.0,14,2,2.05,0.0
gevel isoleren en bekleden,0,0,0,0,3,1,0.38,0.0,2,1,0.84,0.0
gevel isoleren en bekleden met hout,0,0,0,0,1,0,0.0,0.0,0,0,0,0
gevel isoleren en stucen,5,1,1.32,0.0,5,1,0.8,0.0,1,0,0.0,0.0
gevel isoleren steenstrips,0,0,0,0,0,0,0,0,1,0,0.0,0.0
gevel isoleren van buiten,1,0,0.0,0.0,0,0,0,0,0,0,0,0
gevel laten bekleden,0,0,0,0,0,0,0,0,1,0,0.0,0.0
gevel na isoleren,1,1,1.91,0.0,0,0,0,0,0,0,0,0
gevel renovatie en isolatie,0,0,0,0,0,0,0,0,2,0,0.0,0.0
gevel van buiten isoleren,4,0,0.0,0.0,2,0,0.0,0.0,0,0,0,0
gevelbekleding buiten met isolatie,1,0,0.0,0.0,3,0,0.0,0.0,4,0,0.0,0.0
gevelbekleding buitenmuur isolatie,0,0,0,0,2,0,0.0,0.0,0,0,0,0
gevelbekleding en isolatie,1,0,0.0,0.0,0,0,0,0,0,0,0,0
gevelbekleding isolatie,3,1,0.55,0.0,2,0,0.0,0.0,1,1,0.94,0.0
gevelbekleding isolatie buiten,0,0,0,0,2,0,0.0,0.0,0,0,0,0
gevelbekleding isolatie buitenkant,0,0,0,0,0,0,0,0,1,0,0.0,0.0
gevelbekleding isolerend,0,0,0,0,0,0,0,0,2,0,0.0,0.0
gevelbekleding met isolatie,0,0,0,0,2,0,0.0,0.0,2,0,0.0,0.0
gevelbeplating met isolatie,1,0,0.0,0.0,0,0,0,0,0,0,0,0
gevelisolatie,21,1,0.91,0.0,6,1,0.73,0.0,16,2,5.94,0.0
gevelisolatie aanbrengen,0,0,0,0,0,0,0,0,2,1,0.77,0.0
gevelisolatie buiten,3,0,0.0,0.0,1,0,0.0,0.0,2,0,0.0,0.0
gevelisolatie buitenkant,12,2,9.69,0.0,9,1,1.75,0.0,22,2,4.5,0.0
gevelisolatie buitenkant kosten,7,3,1.63,0.0,3,2,1.05,0.0,4,0,0.0,0.0
gevelisolatie buitenkant steenstrips,5,1,1.17,0.0,5,1,0.85,0.0,1,0,0.0,0.0
gevelisolatie buitenkant stucwerk,6,1,0.64,0.0,2,0,0.0,0.0,2,0,0.0,0.0
gevelisolatie buitenmuur,0,0,0,0,1,0,0.0,0.0,1,0,0.0,0.0
gevelisolatie buitenzijde,3,0,0.0,0.0,3,1,0.71,0.0,1,0,0.0,0.0
gevelisolatie den haag,0,0,0,0,0,0,0,0,2,1,3.17,0.0
gevelisolatie kosten per m2,2,0,0.0,0.0,0,0,0,0,1,0,0.0,0.0
gevelisolatie met crepi,0,0,0,0,1,1,1.04,0.0,1,1,3.49,0.0
gevelisolatie met gevelpanelen,0,0,0,0,0,0,0,0,1,0,0.0,0.0
gevelisolatie met steenstrips,5,3,5.76,0.0,6,1,1.24,0.0,3,0,0.0,0.0
gevelisolatie met stucwerk,2,1,1.61,0.0,3,0,0.0,0.0,4,0,0.0,0.0
gevelisolatie plaatsen,0,0,0,0,0,0,0,0,1,0,0.0,0.0
gevelisolatie pleister,0,0,0,0,2,0,0.0,0.0,0,0,0,0
gevelisolatie steenstrips,6,0,0.0,0.0,6,3,3.84,0.0,2,0,0.0,0.0
gevelisolatie stuc,2,0,0.0,0.0,0,0,0,0,0,0,0,0
gevelisolatie stucen,0,0,0,0,0,0,0,0,1,1,0.63,0.0
gevelisolatie stucwerk,3,0,0.0,0.0,0,0,0,0,5,0,0.0,0.0
gevelisolatie systemen,0,0,0,0,0,0,0,0,1,1,0.57,0.0
gevelisolatie zeeland,2,1,1.79,0.0,0,0,0,0,0,0,0,0
gevelisolatieplaten,0,0,0,0,1,1,1.98,0.0,0,0,0,0
gevelisolatiesysteem,2,0,0.0,0.0,1,0,0.0,0.0,0,0,0,0
gevelpanelen buiten met isolatie,0,0,0,0,1,0,0.0,0.0,2,0,0.0,0.0
gevelpanelen isoleren,0,0,0,0,0,0,0,0,1,0,0.0,0.0
gevelpanelen met isolatie,2,1,0.54,0.0,0,0,0,0,1,0,0.0,0.0
gevelplaten met isolatie,2,0,0.0,0.0,0,0,0,0,0,0,0,0
gevelrenovatie en isolatie,1,0,0.0,0.0,2,0,0.0,0.0,0,0,0,0
gevelrenovatie met isolatie,0,0,0,0,1,0,0.0,0.0,0,0,0,0
gevelstrips met isolatie,0,0,0,0,0,0,0,0,1,0,0.0,0.0
gevelstucwerk,0,0,0,0,0,0,0,0,1,0,0.0,0.0
gevelstucwerk isolatie,0,0,0,0,0,0,0,0,1,0,0.0,0.0
gevelstucwerk op isolatie,2,0,0.0,0.0,1,1,0.3,0.0,2,0,0.0,0.0
halfsteens muur isoleren buitenkant,0,0,0,0,0,0,0,0,1,0,0.0,0.0
hoekwoning buitenmuur isoleren,3,0,0.0,0.0,0,0,0,0,0,0,0,0
houten gevel isoleren,0,0,0,0,0,0,0,0,2,0,0.0,0.0
houten gevelbekleding met isolatie,1,0,0.0,0.0,0,0,0,0,0,0,0,0
huis aan buitenkant isoleren,1,0,0.0,0.0,1,1,0.44,0.0,1,0,0.0,0.0
huis bekleden met steenstrips,0,0,0,0,1,0,0.0,0.0,2,1,2.01,0.0
huis bezetten met crepi,0,0,0,0,0,0,0,0,2,0,0.0,0.0
huis buiten isoleren,0,0,0,0,2,1,0.53,0.0,0,0,0,0
huis buitenkant isoleren,5,1,0.67,0.0,3,1,0.37,0.0,1,0,0.0,0.0
huis buitenkant isoleren en stucen,3,1,1.39,0.0,0,0,0,0,1,0,0.0,0.0
huis inpakken isolatie,5,2,2.43,0.0,0,0,0,0,0,0,0,0
huis isoleren aan de buitenkant,0,0,0,0,0,0,0,0,1,0,0.0,0.0
huis isoleren buitenkant,4,0,0.0,0.0,0,0,0,0,6,2,8.95,0.0
huis isoleren buitenzijde,0,0,0,0,0,0,0,0,1,1,0.59,0.0
huis isoleren en stucen,1,0,0.0,0.0,0,0,0,0,0,0,0,0
huis isoleren van buitenaf,0,0,0,0,1,1,1.64,0.0,0,0,0,0
huis langs buiten isoleren,0,0,0,0,1,0,0.0,0.0,0,0,0,0
huis van buiten isoleren,3,2,1.72,0.0,1,0,0.0,0.0,6,0,0.0,0.0
huis van buiten isoleren en stucen,1,1,0.68,0.0,0,0,0,0,1,0,0.0,0.0
huis van buitenaf isoleren,0,0,0,0,0,0,0,0,2,0,0.0,0.0
ijsselmonde buitengevelisolatie,0,0,0,0,0,0,0,0,4,0,0.0,0.0
ijsselmonde gevelisolatie,0,0,0,0,0,0,0,0,5,0,0.0,0.0
isolatie aan buitenkant muur,0,0,0,0,1,0,0.0,0.0,0,0,0,0
isolatie buiten,1,0,0.0,0.0,1,0,0.0,0.0,0,0,0,0
isolatie buitengevel,3,0,0.0,0.0,3,0,0.0,0.0,11,0,0.0,0.0
isolatie buitengevel kostprijs,0,0,0,0,0,0,0,0,1,0,0.0,0.0
isolatie buitenkant huis,0,0,0,0,1,0,0.0,0.0,1,0,0.0,0.0
isolatie buitenkant muur,0,0,0,0,1,0,0.0,0.0,0,0,0,0
isolatie buitenkant woning,3,1,0.37,0.0,0,0,0,0,1,0,0.0,0.0
isolatie buitenmuur,9,1,0.65,0.0,5,0,0.0,0.0,4,0,0.0,0.0
isolatie buitenmuur buitenkant,2,0,0.0,0.0,3,0,0.0,0.0,0,0,0,0
isolatie buitenmuur zonder spouw,2,0,0.0,0.0,0,0,0,0,0,0,0,0
isolatie buitenzijde gevel,0,0,0,0,2,0,0.0,0.0,1,0,0.0,0.0
isolatie buitenzijde woning,0,0,0,0,0,0,0,0,1,0,0.0,0.0
isolatie crepi,1,0,0.0,0.0,0,0,0,0,0,0,0,0
isolatie gevel buitenkant,2,0,0.0,0.0,0,0,0,0,1,0,0.0,0.0
isolatie gevel prijs,1,0,0.0,0.0,0,0,0,0,0,0,0,0
isolatie gevelbekleding,1,0,0.0,0.0,2,0,0.0,0.0,0,0,0,0
isolatie met steenstrips,0,0,0,0,2,0,0.0,0.0,4,1,4.13,0.0
isolatie met steenstrips prijs,0,0,0,0,0,0,0,0,2,0,0.0,0.0
isolatie muur buitenkant,0,0,0,0,0,0,0,0,1,0,0.0,0.0
isolatie panelen buitenmuur,0,0,0,0,0,0,0,0,1,0,0.0,0.0
isolatie plaatsen tegen buitenmuur,1,0,0.0,0.0,0,0,0,0,0,0,0,0
isolatie steenstrips,0,0,0,0,2,0,0.0,0.0,1,0,0.0,0.0
isolatie steenstrips buiten,0,0,0,0,0,0,0,0,1,0,0.0,0.0
isolatie stucplaat buiten,1,1,0.64,0.0,0,0,0,0,0,0,0,0
isolatie stucwerk,1,0,0.0,0.0,0,0,0,0,1,0,0.0,0.0
isolatie stucwerk buitengevel,4,0,0.0,0.0,2,1,0.91,0.0,2,0,0.0,0.0
isolatie voor buitenmuren,2,0,0.0,0.0,0,0,0,0,0,0,0,0
isolatie voorzetwand buitenmuur,1,0,0.0,0.0,0,0,0,0,0,0,0,0
isolatieblokken buitenmuur,2,1,0.49,0.0,0,0,0,0,2,1,0.63,0.0
isolatieplaat met steenstrips,0,0,0,0,2,0,0.0,0.0,0,0,0,0
isolatieplaat steenstrips,0,0,0,0,0,0,0,0,1,1,0.9,0.0
isolatieplaten buitengevel,0,0,0,0,1,0,0.0,0.0,3,0,0.0,0.0
isolatieplaten buitenkant huis,0,0,0,0,0,0,0,0,2,0,0.0,0.0
isolatieplaten buitenmuur,2,1,0.29,0.0,2,1,0.46,0.0,0,0,0,0
isolatieplaten buitenmuur prijs,0,0,0,0,1,0,0.0,0.0,0,0,0,0
isolatieplaten met steenstrips,0,0,0,0,1,0,0.0,0.0,5,1,2.27,0.0
isolatieplaten steenstrips,1,0,0.0,0.0,0,0,0,0,0,0,0,0
isolatieplaten voor buitengevel,1,0,0.0,0.0,0,0,0,0,1,0,0.0,0.0
isolatieplaten voor gevel,0,0,0,0,0,0,0,0,1,0,0.0,0.0
isoleren aan de buitenkant,0,0,0,0,0,0,0,0,1,0,0.0,0.0
isoleren buitengevel,3,0,0.0,0.0,1,1,0.89,0.0,2,0,0.0,0.0
isoleren buitenkant gevel,0,0,0,0,0,0,0,0,1,0,0.0,0.0
isoleren buitenkant huis,0,0,0,0,0,0,0,0,1,0,0.0,0.0
isoleren buitenmuren aan buitenkant,0,0,0,0,0,0,0,0,2,0,0.0,0.0
isoleren buitenmuur,0,0,0,0,0,0,0,0,5,3,6.31,0.0
isoleren buitenmuur zonder spouw,0,0,0,0,0,0,0,0,1,0,0.0,0.0
isoleren gevel buitenzijde,0,0,0,0,0,0,0,0,1,0,0.0,0.0
isoleren muur buitenzijde,1,0,0.0,0.0,1,0,0.0,0.0,1,0,0.0,0.0
isoleren van buitenaf,0,0,0,0,2,1,2.05,0.0,2,0,0.0,0.0
isolerende gevelbekleding,0,0,0,0,1,0,0.0,0.0,1,0,0.0,0.0
isolerende gevelbekleding buiten,0,0,0,0,1,0,0.0,0.0,1,0,0.0,0.0
isosteen,0,0,0,0,0,0,0,0,1,0,0.0,0.0
keralit laten plaatsen kosten,0,0,0,0,0,0,0,0,2,0,0.0,0.0
kosten buitengevelisolatie,0,0,0,0,1,0,0.0,0.0,3,1,0.33,0.0
kosten buitenmuur isoleren,0,0,0,0,1,0,0.0,0.0,0,0,0,0
kosten buitenmuur isoleren en stucen,0,0,0,0,2,0,0.0,0.0,3,0,0.0,0.0
kosten crepi per m2,0,0,0,0,1,0,0.0,0.0,1,0,0.0,0.0
kosten gevelisolatie,0,0,0,0,0,0,0,0,1,0,0.0,0.0
kosten gevelisolatie buitenzijde,2,0,0.0,0.0,0,0,0,0,0,0,0,0
kurk gevel,0,0,0,0,0,0,0,0,1,0,0.0,0.0
kurk isolatie gevel,0,0,0,0,0,0,0,0,1,0,0.0,0.0
muren isoleren langs buiten,0,0,0,0,2,0,0.0,0.0,1,0,0.0,0.0
muur aan buitenkant isoleren,1,0,0.0,0.0,0,0,0,0,1,0,0.0,0.0
muur aan de buitenkant isoleren,1,0,0.0,0.0,0,0,0,0,2,0,0.0,0.0
muur isolatie buitenkant,0,0,0,0,1,1,0.88,0.0,1,0,0.0,0.0
muur isoleren buitenkant,1,0,0.0,0.0,0,0,0,0,0,0,0,0
muur van buiten isoleren,0,0,0,0,1,0,0.0,0.0,1,0,0.0,0.0
muur van buitenaf isoleren,0,0,0,0,0,0,0,0,1,0,0.0,0.0
muurisolatie buiten,3,1,1.17,0.0,1,0,0.0,0.0,0,0,0,0
muurisolatie buitenkant,3,1,1.57,0.0,5,0,0.0,0.0,2,0,0.0,0.0
muurisolatie buitenkant prijs,2,1,1.02,0.0,0,0,0,0,0,0,0,0
na isolatie buitengevel,0,0,0,0,0,0,0,0,1,0,0.0,0.0
na isolatie buitenmuur,0,0,0,0,0,0,0,0,1,0,0.0,0.0
neopor gevelisolatie,0,0,0,0,0,0,0,0,1,0,0.0,0.0
nieuwe gevel plaatsen met isolatie,4,0,0.0,0.0,1,0,0.0,0.0,0,0,0,0
opbouw isolatie buitenmuur,1,0,0.0,0.0,0,0,0,0,0,0,0,0
pir gevelisolatie,1,0,0.0,0.0,0,0,0,0,0,0,0,0
pir isolatie buitengevel,1,0,0.0,0.0,0,0,0,0,0,0,0,0
pir isolatie buitenmuur,1,0,0.0,0.0,0,0,0,0,0,0,0,0
pir platen buitengevel,1,0,0.0,0.0,0,0,0,0,0,0,0,0
polystuc buitengevelisolatie,4,1,0.5,0.0,0,0,0,0,0,0,0,0
prefab isolatie met steenstrips,0,0,0,0,1,0,0.0,0.0,0,0,0,0
prijs gevelisolatie,0,0,0,0,2,0,0.0,0.0,0,0,0,0
sandwichpanelen gevel plaatsen,1,0,0.0,0.0,1,0,0.0,0.0,0,0,0,0
steenstrip isolatieplaten,1,0,0.0,0.0,0,0,0,0,0,0,0,0
steenstrip met isolatie,0,0,0,0,1,1,1.7,0.0,1,0,0.0,0.0
steenstrip op isolatie,0,0,0,0,1,0,0.0,0.0,0,0,0,0
steenstrips buitengevel kosten,0,0,0,0,0,0,0,0,1,1,0.47,0.0
steenstrips buitengevel met isolatie,1,0,0.0,0.0,5,0,0.0,0.0,7,2,2.24,0.0
steenstrips buitengevel plaatsen,4,0,0.0,0.0,0,0,0,0,0,0,0,0
steenstrips en isolatie,2,0,0.0,0.0,0,0,0,0,0,0,0,0
steenstrips isolatie,0,0,0,0,2,0,0.0,0.0,0,0,0,0
steenstrips isolatie buitengevel,0,0,0,0,0,0,0,0,2,0,0.0,0.0
steenstrips met isolatie,5,0,0.0,0.0,2,1,0.64,0.0,0,0,0,0
steenstrips op isolatie,1,0,0.0,0.0,0,0,0,0,2,2,3.02,1.0
steenstrips op isolatie prefab,6,0,0.0,0.0,2,0,0.0,0.0,0,0,0,0
steenstrips op isolatieplaat,0,0,0,0,0,0,0,0,3,0,0.0,0.0
steenstrips op isolatieplaten,0,0,0,0,0,0,0,0,1,1,1.03,0.0
steenstrips op pir isolatie,0,0,0,0,1,0,0.0,0.0,0,0,0,0
steenstrips voor buiten met isolatie,0,0,0,0,0,0,0,0,1,0,0.0,0.0
sto gevel,0,0,0,0,1,0,0.0,0.0,0,0,0,0
sto isolatie prijs,1,1,0.57,0.0,0,0,0,0,0,0,0,0
sto systeem,0,0,0,0,0,0,0,0,1,0,0.0,0.0
strikotherm gevelisolatie,1,0,0.0,0.0,1,0,0.0,0.0,1,0,0.0,0.0
stuc isolatie,1,0,0.0,0.0,1,0,0.0,0.0,0,0,0,0
stucen op isolatie,0,0,0,0,1,0,0.0,0.0,0,0,0,0
stucen op isolatieplaat,0,0,0,0,4,1,1.96,0.0,1,1,0.37,0.0
stucwerk buitenkant huis,2,0,0.0,0.0,0,0,0,0,0,0,0,0
stucwerk isolatie,0,0,0,0,3,0,0.0,0.0,0,0,0,0
stucwerk op isolatie,1,0,0.0,0.0,2,0,0.0,0.0,0,0,0,0
van buitenaf isoleren,2,1,0.49,0.0,2,0,0.0,0.0,2,0,0.0,0.0
voorgevel isoleren,0,0,0,0,1,1,1.51,0.0,1,0,0.0,0.0
voorgevel isoleren vergunning,0,0,0,0,2,1,4.14,0.0,0,0,0,0
voorzet gevel,1,1,0.4,0.0,1,0,0.0,0.0,0,0,0,0
voorzetgevel,0,0,0,0,5,1,0.6,0.0,0,0,0,0
voorzetgevel isolatie,2,0,0.0,0.0,3,0,0.0,0.0,0,0,0,0
voorzetgevel plaatsen,2,1,0.72,0.0,0,0,0,0,0,0,0,0
voorzetwand buitengevel,5,0,0.0,0.0,2,0,0.0,0.0,0,0,0,0
voorzetwand buitenmuur,0,0,0,0,2,0,0.0,0.0,0,0,0,0
voorzetwand buitenmuur plaatsen,0,0,0,0,0,0,0,0,1,0,0.0,0.0
wandisolatie buitenmuur,0,0,0,0,0,0,0,0,1,0,0.0,0.0
wat kost crepi per m2,0,0,0,0,1,0,0.0,0.0,0,0,0,0
wat kost gevelisolatie met crepi,0,0,0,0,2,1,1.73,0.0,0,0,0,0
woning isoleren buitenkant,2,0,0.0,0.0,0,0,0,0,0,0,0,0
woning van buiten isoleren,1,0,0.0,0.0,0,0,0,0,0,0,0,0
