query,n_pages,owner_page,owner_impr,all_pages
bm klus bv,11,https://bm-klus-bv.nl/,22,https://bm-klus-bv.nl/|https://bm-klus-bv.nl/contact/|https://bm-klus-bv.nl/diensten/|https://bm-klus-bv.nl/onze-werken/|https://bm-klus-bv.nl/over-ons/|https://bm-klus-bv.nl/gevelisolatie/afwerkingen/|https://bm-klus-bv.nl/onze-werken/halsteren-buitenstucwerk-sierpleister-schilderwerk-2025/|https://bm-klus-bv.nl/buiten-stucwerk/|https://bm-klus-bv.nl/onze-werken/rotterdam-buitenstucwerk-cementpleister-2025/|https://bm-klus-bv.nl/gevelisolatie/kosten/|https://bm-klus-bv.nl/gevel-schilderen/
bm kluswerk,3,https://bm-klus-bv.nl/,10,https://bm-klus-bv.nl/|https://bm-klus-bv.nl/onze-werken/|https://bm-klus-bv.nl/over-ons/
buiten sierpleister,2,https://bm-klus-bv.nl/gevelisolatie/afwerkingen/,4,https://bm-klus-bv.nl/gevelisolatie/afwerkingen/|https://bm-klus-bv.nl/sierpleister/
buitengevel isoleren en stucen prijs,2,https://bm-klus-bv.nl/buiten-stucwerk/,23,https://bm-klus-bv.nl/buiten-stucwerk/|https://bm-klus-bv.nl/gevelisolatie/kosten/
buitengevelisolatie rotterdam,2,https://bm-klus-bv.nl/gevelisolatie/,3,https://bm-klus-bv.nl/gevelisolatie/|https://bm-klus-bv.nl/
buitenstucwerk vught,2,https://bm-klus-bv.nl/onze-werken/,10,https://bm-klus-bv.nl/onze-werken/|https://bm-klus-bv.nl/gevelisolatie/kosten/
etics,2,https://bm-klus-bv.nl/gevelisolatie/kosten/,36,https://bm-klus-bv.nl/gevelisolatie/kosten/|https://bm-klus-bv.nl/gevelisolatie/
etics isolatie,2,https://bm-klus-bv.nl/gevelisolatie/,21,https://bm-klus-bv.nl/gevelisolatie/|https://bm-klus-bv.nl/gevelisolatie/kosten/
gevel sierpleister,2,https://bm-klus-bv.nl/sierpleister/,21,https://bm-klus-bv.nl/sierpleister/|https://bm-klus-bv.nl/gevelisolatie/afwerkingen/
gevelisolatie kosten per m2,2,https://bm-klus-bv.nl/gevelisolatie/kosten/,5,https://bm-klus-bv.nl/gevelisolatie/kosten/|https://bm-klus-bv.nl/gevelisolatie/
gevelisolatie rotterdam,2,https://bm-klus-bv.nl/,57,https://bm-klus-bv.nl/|https://bm-klus-bv.nl/gevelisolatie/
gevelisolatie stucwerk,2,https://bm-klus-bv.nl/gevelisolatie/,1,https://bm-klus-bv.nl/gevelisolatie/|https://bm-klus-bv.nl/gevelisolatie/afwerkingen/
heb je ook foto's,2,https://bm-klus-bv.nl/buiten-stucwerk/,1,https://bm-klus-bv.nl/buiten-stucwerk/|https://bm-klus-bv.nl/gevelisolatie/afwerkingen/
klussenbedrijf 010 rotterdam vlaardingen,2,https://bm-klus-bv.nl/onze-werken/,2,https://bm-klus-bv.nl/onze-werken/|https://bm-klus-bv.nl/onze-werken/vlaardingen-gevelisolatie-10cm-sierpleister-2025/
renovatie buitenschil rotterdam,2,https://bm-klus-bv.nl/over-ons/,11,https://bm-klus-bv.nl/over-ons/|https://bm-klus-bv.nl/
sierpleister buitengevel,2,https://bm-klus-bv.nl/gevelisolatie/,2,https://bm-klus-bv.nl/gevelisolatie/|https://bm-klus-bv.nl/sierpleister/
sierpleister gevel,2,https://bm-klus-bv.nl/sierpleister/,2,https://bm-klus-bv.nl/sierpleister/|https://bm-klus-bv.nl/gevelisolatie/afwerkingen/
stucwerk reiniging bergen aan zee,2,https://bm-klus-bv.nl/diensten/,2,https://bm-klus-bv.nl/diensten/|https://bm-klus-bv.nl/buiten-stucwerk/
gevel stucen,1,https://bm-klus-bv.nl/buiten-stucwerk/,52,https://bm-klus-bv.nl/buiten-stucwerk/
etics gevelisolatie,1,https://bm-klus-bv.nl/gevelisolatie/,13,https://bm-klus-bv.nl/gevelisolatie/
etics-systeem,1,https://bm-klus-bv.nl/gevelisolatie/,3,https://bm-klus-bv.nl/gevelisolatie/
klusbedrijf rotterdam,1,https://bm-klus-bv.nl/,6,https://bm-klus-bv.nl/
aannemer,1,https://bm-klus-bv.nl/,1,https://bm-klus-bv.nl/
afgebladderde buitenmuur verven,1,https://bm-klus-bv.nl/gevel-schilderen/,1,https://bm-klus-bv.nl/gevel-schilderen/
b m,1,https://bm-klus-bv.nl/,4,https://bm-klus-bv.nl/
b.m,1,https://bm-klus-bv.nl/,2,https://bm-klus-bv.nl/
behangklaar,1,https://bm-klus-bv.nl/muren-stucen/,3,https://bm-klus-bv.nl/muren-stucen/
behangklaar muren,1,https://bm-klus-bv.nl/muren-stucen/,7,https://bm-klus-bv.nl/muren-stucen/
behangklaar naar sausklaar,1,https://bm-klus-bv.nl/muren-stucen/,6,https://bm-klus-bv.nl/muren-stucen/
behangklaar of sausklaar,1,https://bm-klus-bv.nl/muren-stucen/,18,https://bm-klus-bv.nl/muren-stucen/
behangklaar sausklaar maken,1,https://bm-klus-bv.nl/muren-stucen/,1,https://bm-klus-bv.nl/muren-stucen/
behangklaar stucen,1,https://bm-klus-bv.nl/muren-stucen/,142,https://bm-klus-bv.nl/muren-stucen/
behangklaar stucwerk,1,https://bm-klus-bv.nl/muren-stucen/,120,https://bm-klus-bv.nl/muren-stucen/
behangklaar stuken,1,https://bm-klus-bv.nl/muren-stucen/,2,https://bm-klus-bv.nl/muren-stucen/
behangklaar stuukwerk,1,https://bm-klus-bv.nl/muren-stucen/,1,https://bm-klus-bv.nl/muren-stucen/
behangklaar wanden,1,https://bm-klus-bv.nl/muren-stucen/,87,https://bm-klus-bv.nl/muren-stucen/
behangklare muren sausklaar maken,1,https://bm-klus-bv.nl/muren-stucen/,1,https://bm-klus-bv.nl/muren-stucen/
behangklare muur sausklaar maken,1,https://bm-klus-bv.nl/muren-stucen/,1,https://bm-klus-bv.nl/muren-stucen/
behangklare wanden,1,https://bm-klus-bv.nl/muren-stucen/,9,https://bm-klus-bv.nl/muren-stucen/
best bm,1,https://bm-klus-bv.nl/,1,https://bm-klus-bv.nl/
binnen stucwerk,1,https://bm-klus-bv.nl/muren-stucen/,9,https://bm-klus-bv.nl/muren-stucen/
bm,1,https://bm-klus-bv.nl/,75,https://bm-klus-bv.nl/
bm bv,1,https://bm-klus-bv.nl/,3,https://bm-klus-bv.nl/
bm holland,1,https://bm-klus-bv.nl/,2,https://bm-klus-bv.nl/
bm klusjes,1,https://bm-klus-bv.nl/,7,https://bm-klus-bv.nl/
bm schilderwerken,1,https://bm-klus-bv.nl/gevel-schilderen/,1,https://bm-klus-bv.nl/gevel-schilderen/
bm services,1,https://bm-klus-bv.nl/,1,https://bm-klus-bv.nl/
bokjes klussen,1,https://bm-klus-bv.nl/,1,https://bm-klus-bv.nl/
bouw- en renovatiediensten zuid-holland,1,https://bm-klus-bv.nl/,2,https://bm-klus-bv.nl/
buiten gevel stucen,1,https://bm-klus-bv.nl/buiten-stucwerk/,1,https://bm-klus-bv.nl/buiten-stucwerk/
buiten stucmortel,1,https://bm-klus-bv.nl/buiten-stucwerk/,1,https://bm-klus-bv.nl/buiten-stucwerk/
buiten stucwerk,1,https://bm-klus-bv.nl/buiten-stucwerk/,2,https://bm-klus-bv.nl/buiten-stucwerk/
buiten stucwerk bladel,1,https://bm-klus-bv.nl/buiten-stucwerk/,1,https://bm-klus-bv.nl/buiten-stucwerk/
buiten stucwerk kosten,1,https://bm-klus-bv.nl/buiten-stucwerk/,11,https://bm-klus-bv.nl/buiten-stucwerk/
buiten stucwerk prijs,1,https://bm-klus-bv.nl/buiten-stucwerk/,1,https://bm-klus-bv.nl/buiten-stucwerk/
buiten stucwerk subsidie,1,https://bm-klus-bv.nl/gevelisolatie/subsidie-vergunning/,3,https://bm-klus-bv.nl/gevelisolatie/subsidie-vergunning/
buitengevel,1,https://bm-klus-bv.nl/,1,https://bm-klus-bv.nl/
buitengevel isoleren en stucen,1,https://bm-klus-bv.nl/buiten-stucwerk/,10,https://bm-klus-bv.nl/buiten-stucwerk/
buitengevel stucen,1,https://bm-klus-bv.nl/buiten-stucwerk/,1,https://bm-klus-bv.nl/buiten-stucwerk/
buitengevel stucen kosten,1,https://bm-klus-bv.nl/buiten-stucwerk/,1,https://bm-klus-bv.nl/buiten-stucwerk/
buitengevelisolatie,1,https://bm-klus-bv.nl/gevelisolatie/,23,https://bm-klus-bv.nl/gevelisolatie/
buitengevelisolatiesystemen,1,https://bm-klus-bv.nl/gevelisolatie/,1,https://bm-klus-bv.nl/gevelisolatie/
buitenmuur isoleren en stucen,1,https://bm-klus-bv.nl/buiten-stucwerk/,10,https://bm-klus-bv.nl/buiten-stucwerk/
buitenmuur stuccen,1,https://bm-klus-bv.nl/buiten-stucwerk/,1,https://bm-klus-bv.nl/buiten-stucwerk/
buitenmuur stucen,1,https://bm-klus-bv.nl/buiten-stucwerk/,11,https://bm-klus-bv.nl/buiten-stucwerk/
buitenmuur stucen en isoleren,1,https://bm-klus-bv.nl/buiten-stucwerk/,1,https://bm-klus-bv.nl/buiten-stucwerk/
buitenmuur stucen kosten,1,https://bm-klus-bv.nl/buiten-stucwerk/,5,https://bm-klus-bv.nl/buiten-stucwerk/
buitenmuur stucen nadelen,1,https://bm-klus-bv.nl/buiten-stucwerk/,22,https://bm-klus-bv.nl/buiten-stucwerk/
buitenmuur stucen prijs per m2,1,https://bm-klus-bv.nl/buiten-stucwerk/,1,https://bm-klus-bv.nl/buiten-stucwerk/
buitenmuur stucwerk,1,https://bm-klus-bv.nl/buiten-stucwerk/,1,https://bm-klus-bv.nl/buiten-stucwerk/
buitenstucwerk,1,https://bm-klus-bv.nl/buiten-stucwerk/,11,https://bm-klus-bv.nl/buiten-stucwerk/
buitenstucwerk prijs,1,https://bm-klus-bv.nl/buiten-stucwerk/,1,https://bm-klus-bv.nl/buiten-stucwerk/
cementpleister buiten,1,https://bm-klus-bv.nl/onze-werken/rotterdam-buitenstucwerk-cementpleister-2025/,1,https://bm-klus-bv.nl/onze-werken/rotterdam-buitenstucwerk-cementpleister-2025/
crepi afwerking,1,https://bm-klus-bv.nl/gevelisolatie/afwerkingen/,30,https://bm-klus-bv.nl/gevelisolatie/afwerkingen/
crepi buitenmuur,1,https://bm-klus-bv.nl/gevelisolatie/afwerkingen/,1,https://bm-klus-bv.nl/gevelisolatie/afwerkingen/
crepi stucwerk,1,https://bm-klus-bv.nl/gevelisolatie/afwerkingen/,1,https://bm-klus-bv.nl/gevelisolatie/afwerkingen/
de gevel schilder,1,https://bm-klus-bv.nl/gevel-schilderen/,1,https://bm-klus-bv.nl/gevel-schilderen/
detail stucwerk buitengevel,1,https://bm-klus-bv.nl/buiten-stucwerk/,1,https://bm-klus-bv.nl/buiten-stucwerk/
eps isolatie stucen,1,https://bm-klus-bv.nl/gevelisolatie/,1,https://bm-klus-bv.nl/gevelisolatie/
etics gevel,1,https://bm-klus-bv.nl/gevelisolatie/,2,https://bm-klus-bv.nl/gevelisolatie/
etics systeem,1,https://bm-klus-bv.nl/gevelisolatie/,41,https://bm-klus-bv.nl/gevelisolatie/
etics system,1,https://bm-klus-bv.nl/gevelisolatie/,2,https://bm-klus-bv.nl/gevelisolatie/
general contractor,1,https://bm-klus-bv.nl/,1,https://bm-klus-bv.nl/
gevel impregneren subsidie,1,https://bm-klus-bv.nl/gevelisolatie/subsidie-vergunning/,2,https://bm-klus-bv.nl/gevelisolatie/subsidie-vergunning/
gevel isoleren en stucen,1,https://bm-klus-bv.nl/buiten-stucwerk/,7,https://bm-klus-bv.nl/buiten-stucwerk/
gevel laten schilderen,1,https://bm-klus-bv.nl/gevel-schilderen/,26,https://bm-klus-bv.nl/gevel-schilderen/
gevel schilder,1,https://bm-klus-bv.nl/gevel-schilderen/,81,https://bm-klus-bv.nl/gevel-schilderen/
gevel schilderen,1,https://bm-klus-bv.nl/gevel-schilderen/,2,https://bm-klus-bv.nl/gevel-schilderen/
gevel schilderen de zilk,1,https://bm-klus-bv.nl/gevel-schilderen/,14,https://bm-klus-bv.nl/gevel-schilderen/
gevel schilderen en beschermen tegen weersinvloeden,1,https://bm-klus-bv.nl/gevel-schilderen/,25,https://bm-klus-bv.nl/gevel-schilderen/
gevel schilderen katwijk,1,https://bm-klus-bv.nl/gevel-schilderen/,22,https://bm-klus-bv.nl/gevel-schilderen/
gevel schilderen kosten,1,https://bm-klus-bv.nl/gevel-schilderen/,7,https://bm-klus-bv.nl/gevel-schilderen/
gevel schilderen lisse,1,https://bm-klus-bv.nl/gevel-schilderen/,3,https://bm-klus-bv.nl/gevel-schilderen/
gevel schilderen noordwijk,1,https://bm-klus-bv.nl/gevel-schilderen/,24,https://bm-klus-bv.nl/gevel-schilderen/
gevel schilderen noordwijkerhout,1,https://bm-klus-bv.nl/gevel-schilderen/,23,https://bm-klus-bv.nl/gevel-schilderen/
gevel schilderen oegstgeest,1,https://bm-klus-bv.nl/gevel-schilderen/,13,https://bm-klus-bv.nl/gevel-schilderen/
gevel schilderen prijs,1,https://bm-klus-bv.nl/gevel-schilderen/,1,https://bm-klus-bv.nl/gevel-schilderen/
gevel schilderen rijnsburg,1,https://bm-klus-bv.nl/gevel-schilderen/,25,https://bm-klus-bv.nl/gevel-schilderen/
gevel schilderen voor en na,1,https://bm-klus-bv.nl/gevel-schilderen/,7,https://bm-klus-bv.nl/gevel-schilderen/
gevel schilderen voorhout,1,https://bm-klus-bv.nl/gevel-schilderen/,3,https://bm-klus-bv.nl/gevel-schilderen/
gevel stucen kosten,1,https://bm-klus-bv.nl/buiten-stucwerk/,1,https://bm-klus-bv.nl/buiten-stucwerk/
gevel stucwerk,1,https://bm-klus-bv.nl/buiten-stucwerk/,1,https://bm-klus-bv.nl/buiten-stucwerk/
gevelafwerking buiten,1,https://bm-klus-bv.nl/gevelisolatie/,1,https://bm-klus-bv.nl/gevelisolatie/
gevelbekleding vergunning nodig,1,https://bm-klus-bv.nl/gevelisolatie/subsidie-vergunning/,5,https://bm-klus-bv.nl/gevelisolatie/subsidie-vergunning/
gevelbeplating rotterdam,1,https://bm-klus-bv.nl/,1,https://bm-klus-bv.nl/
gevelisolatie almere,1,https://bm-klus-bv.nl/onze-werken/almere-gevelisolatie-35m2-sierpleister-2024/,2,https://bm-klus-bv.nl/onze-werken/almere-gevelisolatie-35m2-sierpleister-2024/
gevelisolatie alphen aan den rijn,1,https://bm-klus-bv.nl/gevelisolatie/alphen-aan-den-rijn/,3,https://bm-klus-bv.nl/gevelisolatie/alphen-aan-den-rijn/
gevelisolatie buitenkant,1,https://bm-klus-bv.nl/gevelisolatie/,5,https://bm-klus-bv.nl/gevelisolatie/
gevelisolatie buitenkant kosten,1,https://bm-klus-bv.nl/gevelisolatie/,1,https://bm-klus-bv.nl/gevelisolatie/
gevelisolatie buitenzijde kosten,1,https://bm-klus-bv.nl/gevelisolatie/,1,https://bm-klus-bv.nl/gevelisolatie/
gevelisolatie gouda,1,https://bm-klus-bv.nl/gevelisolatie/gouda/,5,https://bm-klus-bv.nl/gevelisolatie/gouda/
gevelisolatie kosten,1,https://bm-klus-bv.nl/gevelisolatie/kosten/,32,https://bm-klus-bv.nl/gevelisolatie/kosten/
gevelisolatie leiden,1,https://bm-klus-bv.nl/gevelisolatie/leiden/,28,https://bm-klus-bv.nl/gevelisolatie/leiden/
gevelisolatie prijs per m2,1,https://bm-klus-bv.nl/gevelisolatie/kosten/,1,https://bm-klus-bv.nl/gevelisolatie/kosten/
gevelisolatie zoetermeer,1,https://bm-klus-bv.nl/gevelisolatie/zoetermeer/,36,https://bm-klus-bv.nl/gevelisolatie/zoetermeer/
gevelrenovatie etten leur,1,https://bm-klus-bv.nl/onze-werken/etten-leur-gevelisolatie-10cm-ral9010-2025/,1,https://bm-klus-bv.nl/onze-werken/etten-leur-gevelisolatie-10cm-ral9010-2025/
gevelrenovatie etten-leur,1,https://bm-klus-bv.nl/onze-werken/etten-leur-gevelisolatie-10cm-ral9010-2025/,8,https://bm-klus-bv.nl/onze-werken/etten-leur-gevelisolatie-10cm-ral9010-2025/
gevelrenovatie met folie in rotterdam,1,https://bm-klus-bv.nl/,125,https://bm-klus-bv.nl/
gevelrenovatie spijkenisse,1,https://bm-klus-bv.nl/,1,https://bm-klus-bv.nl/
gevelrenovatie vught,1,https://bm-klus-bv.nl/onze-werken/vught-gevelisolatie-10cm-sierpleister-2024/,5,https://bm-klus-bv.nl/onze-werken/vught-gevelisolatie-10cm-sierpleister-2024/
gevels schilderen,1,https://bm-klus-bv.nl/gevel-schilderen/,1,https://bm-klus-bv.nl/gevel-schilderen/
gevelschilderwerk,1,https://bm-klus-bv.nl/gevel-schilderen/,1,https://bm-klus-bv.nl/gevel-schilderen/
gevelspecialist vught,1,https://bm-klus-bv.nl/onze-werken/,1,https://bm-klus-bv.nl/onze-werken/
grof stucwerk buiten,1,https://bm-klus-bv.nl/buiten-stucwerk/,6,https://bm-klus-bv.nl/buiten-stucwerk/
grof stucwerk buitenmuur,1,https://bm-klus-bv.nl/buiten-stucwerk/,1,https://bm-klus-bv.nl/buiten-stucwerk/
grove stuc,1,https://bm-klus-bv.nl/gevelisolatie/afwerkingen/,1,https://bm-klus-bv.nl/gevelisolatie/afwerkingen/
keimen gevel kosten,1,https://bm-klus-bv.nl/gevel-schilderen/,15,https://bm-klus-bv.nl/gevel-schilderen/
keimen kosten,1,https://bm-klus-bv.nl/gevel-schilderen/,7,https://bm-klus-bv.nl/gevel-schilderen/
klus,1,https://bm-klus-bv.nl/,17,https://bm-klus-bv.nl/
klus bedrijf,1,https://bm-klus-bv.nl/,2,https://bm-klus-bv.nl/
klus bedrijven,1,https://bm-klus-bv.nl/,1,https://bm-klus-bv.nl/
klusjesman spijkenisse,1,https://bm-klus-bv.nl/,1,https://bm-klus-bv.nl/
klussen rotterdam,1,https://bm-klus-bv.nl/,4,https://bm-klus-bv.nl/
klussenbedrijf 010 vlaardingen,1,https://bm-klus-bv.nl/onze-werken/vlaardingen-gevelisolatie-10cm-sierpleister-2025/,1,https://bm-klus-bv.nl/onze-werken/vlaardingen-gevelisolatie-10cm-sierpleister-2025/
kluswebsite,1,https://bm-klus-bv.nl/,1,https://bm-klus-bv.nl/
kosten buiten stucwerk,1,https://bm-klus-bv.nl/buiten-stucwerk/,2,https://bm-klus-bv.nl/buiten-stucwerk/
kosten buitenmuur stucen,1,https://bm-klus-bv.nl/buiten-stucwerk/,7,https://bm-klus-bv.nl/buiten-stucwerk/
kosten gevel schilderen,1,https://bm-klus-bv.nl/gevel-schilderen/,1,https://bm-klus-bv.nl/gevel-schilderen/
kosten gevelisolatie,1,https://bm-klus-bv.nl/gevelisolatie/kosten/,18,https://bm-klus-bv.nl/gevelisolatie/kosten/
kosten gevelisolatie buitenzijde,1,https://bm-klus-bv.nl/gevelisolatie/,1,https://bm-klus-bv.nl/gevelisolatie/
kosten keimen gevel,1,https://bm-klus-bv.nl/gevel-schilderen/,14,https://bm-klus-bv.nl/gevel-schilderen/
kozijn schilderen in gouda,1,https://bm-klus-bv.nl/gevel-schilderen/,1,https://bm-klus-bv.nl/gevel-schilderen/
muren behangklaar,1,https://bm-klus-bv.nl/muren-stucen/,5,https://bm-klus-bv.nl/muren-stucen/
muur sausklaar maken,1,https://bm-klus-bv.nl/muren-stucen/,1,https://bm-klus-bv.nl/muren-stucen/
onderhoud buitenstucwerk,1,https://bm-klus-bv.nl/buiten-stucwerk/,4,https://bm-klus-bv.nl/buiten-stucwerk/
pand schilderen vlaardingen,1,https://bm-klus-bv.nl/gevel-schilderen/,3,https://bm-klus-bv.nl/gevel-schilderen/
pleisterwerk rotterdam,1,https://bm-klus-bv.nl/onze-werken/rotterdam-buitenstucwerk-cementpleister-2025/,2,https://bm-klus-bv.nl/onze-werken/rotterdam-buitenstucwerk-cementpleister-2025/
prijs buitenstucwerk,1,https://bm-klus-bv.nl/buiten-stucwerk/,2,https://bm-klus-bv.nl/buiten-stucwerk/
prijs gevel schilderen,1,https://bm-klus-bv.nl/gevel-schilderen/,1,https://bm-klus-bv.nl/gevel-schilderen/
prijs spachtelputz,1,https://bm-klus-bv.nl/sierpleister/,20,https://bm-klus-bv.nl/sierpleister/
renovatiediensten,1,https://bm-klus-bv.nl/,4,https://bm-klus-bv.nl/
sausklaar,1,https://bm-klus-bv.nl/muren-stucen/,9,https://bm-klus-bv.nl/muren-stucen/
sausklaar maken muren,1,https://bm-klus-bv.nl/muren-stucen/,30,https://bm-klus-bv.nl/muren-stucen/
sausklaar maken van nieuwbouw,1,https://bm-klus-bv.nl/muren-stucen/,16,https://bm-klus-bv.nl/muren-stucen/
sausklaar maken wanden,1,https://bm-klus-bv.nl/muren-stucen/,6,https://bm-klus-bv.nl/muren-stucen/
sausklaar of behangklaar,1,https://bm-klus-bv.nl/muren-stucen/,1,https://bm-klus-bv.nl/muren-stucen/
sausklaar opgeleverd,1,https://bm-klus-bv.nl/muren-stucen/,1,https://bm-klus-bv.nl/muren-stucen/
sausklaar stucen,1,https://bm-klus-bv.nl/muren-stucen/,241,https://bm-klus-bv.nl/muren-stucen/
sausklaar stucen nieuwbouw,1,https://bm-klus-bv.nl/muren-stucen/,33,https://bm-klus-bv.nl/muren-stucen/
sausklaar stucen prijs,1,https://bm-klus-bv.nl/muren-stucen/,2,https://bm-klus-bv.nl/muren-stucen/
sausklaar stucwerk,1,https://bm-klus-bv.nl/muren-stucen/,195,https://bm-klus-bv.nl/muren-stucen/
sausklaar stucwerk schuren,1,https://bm-klus-bv.nl/muren-stucen/,1,https://bm-klus-bv.nl/muren-stucen/
sausklaar stucwerk voorstrijken,1,https://bm-klus-bv.nl/muren-stucen/,7,https://bm-klus-bv.nl/muren-stucen/
sausklaar stucwerk voorstrijken;7;2;-5;90;156;66;3.46;1.72,1,https://bm-klus-bv.nl/muren-stucen/,1,https://bm-klus-bv.nl/muren-stucen/
sausklaar stuukwerk,1,https://bm-klus-bv.nl/muren-stucen/,3,https://bm-klus-bv.nl/muren-stucen/
sausklare wanden,1,https://bm-klus-bv.nl/muren-stucen/,8,https://bm-klus-bv.nl/muren-stucen/
sauzklaar stucwerk,1,https://bm-klus-bv.nl/muren-stucen/,4,https://bm-klus-bv.nl/muren-stucen/
scheurherstel vught,1,https://bm-klus-bv.nl/onze-werken/,6,https://bm-klus-bv.nl/onze-werken/
schilder halsteren,1,https://bm-klus-bv.nl/onze-werken/halsteren-buitenstucwerk-sierpleister-schilderwerk-2025/,1,https://bm-klus-bv.nl/onze-werken/halsteren-buitenstucwerk-sierpleister-schilderwerk-2025/
schilderen van gevels breda,1,https://bm-klus-bv.nl/gevel-schilderen/,3,https://bm-klus-bv.nl/gevel-schilderen/
schilderklaar stucwerk,1,https://bm-klus-bv.nl/muren-stucen/,4,https://bm-klus-bv.nl/muren-stucen/
schildersbedrijf halsteren,1,https://bm-klus-bv.nl/onze-werken/halsteren-buitenstucwerk-sierpleister-schilderwerk-2025/,4,https://bm-klus-bv.nl/onze-werken/halsteren-buitenstucwerk-sierpleister-schilderwerk-2025/
schilderwerken gevel,1,https://bm-klus-bv.nl/gevel-schilderen/,3,https://bm-klus-bv.nl/gevel-schilderen/
sierpleister,1,https://bm-klus-bv.nl/,1,https://bm-klus-bv.nl/
sierpleister buiten,1,https://bm-klus-bv.nl/sierpleister/,4,https://bm-klus-bv.nl/sierpleister/
sierpleister fijne korrel,1,https://bm-klus-bv.nl/sierpleister/,1,https://bm-klus-bv.nl/sierpleister/
sierpleister herstellen,1,https://bm-klus-bv.nl/sierpleister/,1,https://bm-klus-bv.nl/sierpleister/
sierpleister korrel,1,https://bm-klus-bv.nl/sierpleister/,2,https://bm-klus-bv.nl/sierpleister/
sierpleister kosten,1,https://bm-klus-bv.nl/sierpleister/,11,https://bm-klus-bv.nl/sierpleister/
sierpleister prijs,1,https://bm-klus-bv.nl/sierpleister/,2,https://bm-klus-bv.nl/sierpleister/
sierpleister spachtelputz,1,https://bm-klus-bv.nl/sierpleister/,2,https://bm-klus-bv.nl/sierpleister/
spachtelputz 0.5 mm,1,https://bm-klus-bv.nl/sierpleister/,1,https://bm-klus-bv.nl/sierpleister/
spachtelputz gevel,1,https://bm-klus-bv.nl/sierpleister/,1,https://bm-klus-bv.nl/sierpleister/
spachtelputz kleuren voorbeelden,1,https://bm-klus-bv.nl/sierpleister/,1,https://bm-klus-bv.nl/sierpleister/
spachtelputz prijzen,1,https://bm-klus-bv.nl/sierpleister/,3,https://bm-klus-bv.nl/sierpleister/
strakke nieuwbouw muren,1,https://bm-klus-bv.nl/muren-stucen/,7,https://bm-klus-bv.nl/muren-stucen/
strakke wanden,1,https://bm-klus-bv.nl/muren-stucen/,5,https://bm-klus-bv.nl/muren-stucen/
stucen behangklaar,1,https://bm-klus-bv.nl/muren-stucen/,30,https://bm-klus-bv.nl/muren-stucen/
stucen buitenmuur,1,https://bm-klus-bv.nl/buiten-stucwerk/,1,https://bm-klus-bv.nl/buiten-stucwerk/
stucen buitenmuur kosten,1,https://bm-klus-bv.nl/buiten-stucwerk/,1,https://bm-klus-bv.nl/buiten-stucwerk/
stucen gevel,1,https://bm-klus-bv.nl/buiten-stucwerk/,15,https://bm-klus-bv.nl/buiten-stucwerk/
stucen op kleur,1,https://bm-klus-bv.nl/muren-stucen/,1,https://bm-klus-bv.nl/muren-stucen/
stucen rotterdam,1,https://bm-klus-bv.nl/muren-stucen/,1,https://bm-klus-bv.nl/muren-stucen/
stucmortel buiten,1,https://bm-klus-bv.nl/buiten-stucwerk/,3,https://bm-klus-bv.nl/buiten-stucwerk/
stucwerk behangklaar,1,https://bm-klus-bv.nl/muren-stucen/,6,https://bm-klus-bv.nl/muren-stucen/
stucwerk binnen,1,https://bm-klus-bv.nl/muren-stucen/,4,https://bm-klus-bv.nl/muren-stucen/
stucwerk gevel detail,1,https://bm-klus-bv.nl/buiten-stucwerk/,1,https://bm-klus-bv.nl/buiten-stucwerk/
stucwerk gevels,1,https://bm-klus-bv.nl/buiten-stucwerk/,4,https://bm-klus-bv.nl/buiten-stucwerk/
stucwerk op isolatie detail,1,https://bm-klus-bv.nl/buiten-stucwerk/,1,https://bm-klus-bv.nl/buiten-stucwerk/
stucwerk sausklaar,1,https://bm-klus-bv.nl/muren-stucen/,63,https://bm-klus-bv.nl/muren-stucen/
subsidie gevelreiniging,1,https://bm-klus-bv.nl/gevelisolatie/subsidie-vergunning/,1,https://bm-klus-bv.nl/gevelisolatie/subsidie-vergunning/
test analyse klus,1,https://bm-klus-bv.nl/,1,https://bm-klus-bv.nl/
tuinmeubelen coating rotterdam,1,https://bm-klus-bv.nl/,2,https://bm-klus-bv.nl/
van behangklaar naar sausklaar kosten,1,https://bm-klus-bv.nl/muren-stucen/,2,https://bm-klus-bv.nl/muren-stucen/
verschil behangklaar en sausklaar,1,https://bm-klus-bv.nl/muren-stucen/,1,https://bm-klus-bv.nl/muren-stucen/
verschil sausklaar en behangklaar,1,https://bm-klus-bv.nl/muren-stucen/,1,https://bm-klus-bv.nl/muren-stucen/
vliesgevel prijs per m2,1,https://bm-klus-bv.nl/gevelisolatie/kosten/,17,https://bm-klus-bv.nl/gevelisolatie/kosten/
wanden behangklaar,1,https://bm-klus-bv.nl/muren-stucen/,38,https://bm-klus-bv.nl/muren-stucen/
wanden sausklaar maken,1,https://bm-klus-bv.nl/muren-stucen/,5,https://bm-klus-bv.nl/muren-stucen/
wat betekent sausklaar,1,https://bm-klus-bv.nl/muren-stucen/,1,https://bm-klus-bv.nl/muren-stucen/
wat is behangklaar,1,https://bm-klus-bv.nl/muren-stucen/,1,https://bm-klus-bv.nl/muren-stucen/
wat is etics,1,https://bm-klus-bv.nl/gevelisolatie/,3,https://bm-klus-bv.nl/gevelisolatie/
wat is sausklaar,1,https://bm-klus-bv.nl/muren-stucen/,1,https://bm-klus-bv.nl/muren-stucen/
wat is sausklaar stucen,1,https://bm-klus-bv.nl/muren-stucen/,3,https://bm-klus-bv.nl/muren-stucen/
wat kost buiten stucwerk,1,https://bm-klus-bv.nl/buiten-stucwerk/,2,https://bm-klus-bv.nl/buiten-stucwerk/
wat kost buitenmuur stucen,1,https://bm-klus-bv.nl/buiten-stucwerk/,12,https://bm-klus-bv.nl/buiten-stucwerk/
wat kost gevelisolatie,1,https://bm-klus-bv.nl/gevelisolatie/kosten/,3,https://bm-klus-bv.nl/gevelisolatie/kosten/
wat kost gevelisolatie per m2,1,https://bm-klus-bv.nl/gevelisolatie/kosten/,2,https://bm-klus-bv.nl/gevelisolatie/kosten/
