query,normalized_query,page,clicks,impressions,ctr,position,query_intent_guess,query_theme_guess,mapped_route_guess,mapped_page_type_guess,mapping_confidence,notes
bm klus bv,bm klus bv,https://bm-klus-bv.nl/,47,80,0.5875,1.06,navigational,other,/,home,high,
etics gevelisolatie,etics gevelisolatie,https://bm-klus-bv.nl/gevelisolatie/,2,14,0.142857,5.64,commercial_investigative,core_isolation,/gevelisolatie/,service,high,
bm bv,bm bv,https://bm-klus-bv.nl/,1,7,0.142857,4.43,commercial_investigative,other,/,home,high,
bm klus bv,bm klus bv,https://bm-klus-bv.nl/buiten-stucwerk/,1,69,0.014493,2.36,navigational,other,/buiten-stucwerk/,service,high,
bm klus bv,bm klus bv,https://bm-klus-bv.nl/contact/,1,65,0.015385,2.48,navigational,other,/contact/,utility,high,
boris mitov,boris mitov,https://bm-klus-bv.nl/over_ons/,1,2,0.5,1.5,commercial_investigative,other,/over_ons/,,low,
buitengevelisolatie,buitengevelisolatie,https://bm-klus-bv.nl/gevelisolatie/,1,517,0.001934,28.66,commercial_investigative,core_isolation,/gevelisolatie/,service,high,
buitenmuur stucen nadelen,buitenmuur stucen nadelen,https://bm-klus-bv.nl/buiten-stucwerk/,1,129,0.007752,5.26,informational,stuc_crepi,/buiten-stucwerk/,service,high,
etics isolatie,etics isolatie,https://bm-klus-bv.nl/gevelisolatie/,1,34,0.029412,5.18,commercial_investigative,core_isolation,/gevelisolatie/,service,high,
etics systeem,etics systeem,https://bm-klus-bv.nl/gevelisolatie/,1,37,0.027027,8.03,commercial_investigative,core_isolation,/gevelisolatie/,service,high,
gevel stucen,gevel stucen,https://bm-klus-bv.nl/buiten-stucwerk/,1,74,0.013514,4.14,commercial_investigative,stuc_crepi,/buiten-stucwerk/,service,high,
gevelisolatie leiden,gevelisolatie leiden,https://bm-klus-bv.nl/gevelisolatie/leiden/,1,195,0.005128,6.36,commercial_investigative,core_isolation,/gevelisolatie/leiden/,city,high,
gevelisolatie rotterdam,gevelisolatie rotterdam,https://bm-klus-bv.nl/,1,317,0.003155,34.59,commercial_investigative,core_isolation,/,home,high,
gevelisolatie rotterdam,gevelisolatie rotterdam,https://bm-klus-bv.nl/gevelisolatie/,1,941,0.001063,12.3,commercial_investigative,core_isolation,/gevelisolatie/,service,high,
gevelisolatie steenstrips prijs,gevelisolatie steenstrips prijs,https://bm-klus-bv.nl/gevelisolatie/kosten/,1,9,0.111111,7.56,commercial,prijs_kosten,/gevelisolatie/kosten/,cluster,high,
gevelisolatie stucwerk,gevelisolatie stucwerk,https://bm-klus-bv.nl/gevelisolatie/,1,4,0.25,10.5,commercial_investigative,stuc_crepi,/gevelisolatie/,service,high,
isolatie rotterdam,isolatie rotterdam,https://bm-klus-bv.nl/,1,1,1,2,commercial_investigative,other,/,home,high,
roofing contractor rotterdam,roofing contractor rotterdam,https://bm-klus-bv.nl/,1,1,1,38,commercial_investigative,other,/,home,high,
aannemer archipelbuurt,aannemer archipelbuurt,https://bm-klus-bv.nl/gevelisolatie/den-haag/,0,1,0,104,commercial_investigative,other,/gevelisolatie/den-haag/,city,high,
aannemer klussen,aannemer klussen,https://bm-klus-bv.nl/,0,2,0,1,commercial_investigative,other,/,home,high,
aannemer voor verbouwing huis,aannemer voor verbouwing huis,https://bm-klus-bv.nl/,0,1,0,1,commercial_investigative,other,/,home,high,
aannemersbedrijf klus,aannemersbedrijf klus,https://bm-klus-bv.nl/,0,7,0,42.29,commercial_investigative,other,/,home,high,
afbouw aannemer,afbouw aannemer,https://bm-klus-bv.nl/,0,1,0,8,commercial_investigative,other,/,home,high,
afgebladderde buitenmuur verven,afgebladderde buitenmuur verven,https://bm-klus-bv.nl/gevel-schilderen/,0,2,0,42.5,commercial_investigative,other,/gevel-schilderen/,service,high,
afwerkingen en renovaties rotterdam,afwerkingen en renovaties rotterdam,https://bm-klus-bv.nl/,0,1,0,1,commercial_investigative,other,/,home,high,
b m,b m,https://bm-klus-bv.nl/,0,6,0,2.33,commercial_investigative,other,/,home,high,
b&m,b&m,https://bm-klus-bv.nl/,0,1,0,2,commercial_investigative,other,/,home,high,
b&m,b&m,https://bm-klus-bv.nl/over-ons/,0,1,0,2,commercial_investigative,other,/over-ons/,utility,high,
b+m,b+m,https://bm-klus-bv.nl/,0,7,0,3.57,commercial_investigative,other,/,home,high,
b.m,b.m,https://bm-klus-bv.nl/,0,7,0,3.14,commercial_investigative,other,/,home,high,
b.m.,b.m.,https://bm-klus-bv.nl/,0,1,0,1,commercial_investigative,other,/,home,high,
b.m..,b.m..,https://bm-klus-bv.nl/,0,1,0,2,commercial_investigative,other,/,home,high,
badkamer schoonmaken na verbouwing,badkamer schoonmaken na verbouwing,https://bm-klus-bv.nl/schoonmaak-na-verbouwing/,0,4,0,71.25,commercial_investigative,other,/schoonmaak-na-verbouwing/,service,high,
bakstenen muur stucen,bakstenen muur stucen,https://bm-klus-bv.nl/buiten-stucwerk/,0,1,0,3,commercial_investigative,stuc_crepi,/buiten-stucwerk/,service,high,
bbouw,bbouw,https://bm-klus-bv.nl/,0,1,0,8,commercial_investigative,other,/,home,high,
beamix cementgebonden stucmortel,beamix cementgebonden stucmortel,https://bm-klus-bv.nl/buiten-stucwerk/,0,1,0,4,commercial_investigative,stuc_crepi,/buiten-stucwerk/,service,high,
behangklaar en sausklaar,behangklaar en sausklaar,https://bm-klus-bv.nl/muren-stucen/,0,14,0,25.36,commercial_investigative,other,/muren-stucen/,service,high,
behangklaar muren,behangklaar muren,https://bm-klus-bv.nl/muren-stucen/,0,3,0,58,commercial_investigative,other,/muren-stucen/,service,high,
behangklaar muur nieuwbouw,behangklaar muur nieuwbouw,https://bm-klus-bv.nl/muren-stucen/,0,1,0,59,commercial_investigative,other,/muren-stucen/,service,high,
behangklaar naar sausklaar,behangklaar naar sausklaar,https://bm-klus-bv.nl/muren-stucen/,0,4,0,24.25,commercial_investigative,other,/muren-stucen/,service,high,
behangklaar of sausklaar,behangklaar of sausklaar,https://bm-klus-bv.nl/muren-stucen/,0,17,0,31.88,commercial_investigative,other,/muren-stucen/,service,high,
behangklaar sausklaar maken,behangklaar sausklaar maken,https://bm-klus-bv.nl/muren-stucen/,0,3,0,31.33,commercial_investigative,other,/muren-stucen/,service,high,
behangklaar stucen,behangklaar stucen,https://bm-klus-bv.nl/muren-stucen/,0,108,0,35.63,commercial_investigative,stuc_crepi,/muren-stucen/,service,high,
behangklaar stucwerk,behangklaar stucwerk,https://bm-klus-bv.nl/muren-stucen/,0,68,0,37.74,commercial_investigative,stuc_crepi,/muren-stucen/,service,high,
behangklaar stuken,behangklaar stuken,https://bm-klus-bv.nl/muren-stucen/,0,2,0,29,commercial_investigative,other,/muren-stucen/,service,high,
behangklaar stuukwerk,behangklaar stuukwerk,https://bm-klus-bv.nl/muren-stucen/,0,3,0,34,commercial_investigative,other,/muren-stucen/,service,high,
behangklaar wanden,behangklaar wanden,https://bm-klus-bv.nl/muren-stucen/,0,18,0,52.44,commercial_investigative,other,/muren-stucen/,service,high,
behangklare muren,behangklare muren,https://bm-klus-bv.nl/muren-stucen/,0,1,0,88,commercial_investigative,other,/muren-stucen/,service,high,
behangklare muren sausklaar maken,behangklare muren sausklaar maken,https://bm-klus-bv.nl/muren-stucen/,0,1,0,42,commercial_investigative,other,/muren-stucen/,service,high,
behangklare wanden afwerken,behangklare wanden afwerken,https://bm-klus-bv.nl/muren-stucen/,0,14,0,56.93,commercial_investigative,other,/muren-stucen/,service,high,
best bm,best bm,https://bm-klus-bv.nl/,0,1,0,7,commercial_investigative,other,/,home,high,
betonlook stucwerk,betonlook stucwerk,https://bm-klus-bv.nl/buiten-stucwerk/,0,1,0,1,commercial_investigative,stuc_crepi,/buiten-stucwerk/,service,high,
betonstuc buiten,betonstuc buiten,https://bm-klus-bv.nl/buiten-stucwerk/,0,29,0,21.69,commercial_investigative,stuc_crepi,/buiten-stucwerk/,service,high,
betonstuc buitengevel,betonstuc buitengevel,https://bm-klus-bv.nl/buiten-stucwerk/,0,3,0,17.33,commercial_investigative,stuc_crepi,/buiten-stucwerk/,service,high,
betonstuc buitenmuur,betonstuc buitenmuur,https://bm-klus-bv.nl/buiten-stucwerk/,0,4,0,22,commercial_investigative,stuc_crepi,/buiten-stucwerk/,service,high,
binnen stucwerk,binnen stucwerk,https://bm-klus-bv.nl/muren-stucen/,0,2,0,40,commercial_investigative,stuc_crepi,/muren-stucen/,service,high,
bloembak buiten stucen,bloembak buiten stucen,https://bm-klus-bv.nl/buiten-stucwerk/,0,1,0,2,commercial_investigative,stuc_crepi,/buiten-stucwerk/,service,high,
bm,bm,https://bm-klus-bv.nl/,0,275,0,3.99,commercial_investigative,other,/,home,high,
bm afbouw,bm afbouw,https://bm-klus-bv.nl/,0,5,0,7.8,commercial_investigative,other,/,home,high,
bm afbouw,bm afbouw,https://bm-klus-bv.nl/over_ons/,0,55,0,7.33,commercial_investigative,other,/over_ons/,,low,
bm bouw,bm bouw,https://bm-klus-bv.nl/,0,23,0,8,commercial_investigative,other,/,home,high,
bm construction,bm construction,https://bm-klus-bv.nl/,0,1,0,3,commercial_investigative,other,/,home,high,
bm holland,bm holland,https://bm-klus-bv.nl/,0,6,0,56.5,commercial_investigative,other,/,home,high,
bm holland,bm holland,https://bm-klus-bv.nl/diensten/,0,5,0,52,commercial_investigative,other,/diensten/,service,high,
bm hus,bm hus,https://bm-klus-bv.nl/,0,3,0,12.33,commercial_investigative,other,/,home,high,
bm klus bv,bm klus bv,https://bm-klus-bv.nl/diensten/,0,63,0,2.44,navigational,other,/diensten/,service,high,
bm klus bv,bm klus bv,https://bm-klus-bv.nl/gevelisolatie/,0,12,0,1.83,navigational,other,/gevelisolatie/,service,high,
bm klus bv,bm klus bv,https://bm-klus-bv.nl/gevelisolatie/delft/,0,1,0,6,navigational,other,/gevelisolatie/delft/,city,high,
bm klus bv,bm klus bv,https://bm-klus-bv.nl/gevelisolatie/den-haag/,0,2,0,2,navigational,other,/gevelisolatie/den-haag/,city,high,
bm klus bv,bm klus bv,https://bm-klus-bv.nl/gevelisolatie/dordrecht/,0,3,0,2,navigational,other,/gevelisolatie/dordrecht/,city,high,
bm klus bv,bm klus bv,https://bm-klus-bv.nl/gevelisolatie/leiden/,0,1,0,2,navigational,other,/gevelisolatie/leiden/,city,high,
bm klus bv,bm klus bv,https://bm-klus-bv.nl/gevelisolatie/rotterdam/,0,11,0,1.82,navigational,other,/gevelisolatie/rotterdam/,city,high,
bm klus bv,bm klus bv,https://bm-klus-bv.nl/gevelisolatie/vlaardingen/,0,4,0,2,navigational,other,/gevelisolatie/vlaardingen/,city,high,
bm klus bv,bm klus bv,https://bm-klus-bv.nl/muren-stucen-2/,0,3,0,2,navigational,other,/muren-stucen-2/,,low,
bm klus bv,bm klus bv,https://bm-klus-bv.nl/muren-stucen/,0,4,0,6.5,navigational,other,/muren-stucen/,service,high,
bm klus bv,bm klus bv,https://bm-klus-bv.nl/object6/,0,1,0,12,navigational,other,/object6/,,low,
bm klus bv,bm klus bv,https://bm-klus-bv.nl/object7/,0,1,0,12,navigational,other,/object7/,,low,
bm klus bv,bm klus bv,https://bm-klus-bv.nl/onze-werken/,0,76,0,2.09,navigational,other,/onze-werken/,archive,high,
bm klus bv,bm klus bv,https://bm-klus-bv.nl/onze-werken/vlaardingen-gevelisolatie-6cm-sierpleister-2024/,0,2,0,3,navigational,other,/onze-werken/vlaardingen-gevelisolatie-6cm-sierpleister-2024/,project,high,
bm klus bv,bm klus bv,https://bm-klus-bv.nl/over-ons/,0,2,0,2,navigational,other,/over-ons/,utility,high,
bm klus bv,bm klus bv,https://bm-klus-bv.nl/over_ons/,0,76,0,1.97,navigational,other,/over_ons/,,low,
bm klus bv,bm klus bv,https://bm-klus-bv.nl/schoonmaak-na-verbouwing/,0,2,0,2,navigational,other,/schoonmaak-na-verbouwing/,service,high,
bm klus bv,bm klus bv,https://bm-klus-bv.nl/sierpleister/,0,11,0,1.91,navigational,other,/sierpleister/,service,high,
bm nummer,bm nummer,https://bm-klus-bv.nl/,0,1,0,5,commercial_investigative,other,/,home,high,
bm services,bm services,https://bm-klus-bv.nl/,0,3,0,4,commercial_investigative,other,/,home,high,
"bm,","bm,",https://bm-klus-bv.nl/,0,1,0,5,commercial_investigative,other,/,home,high,
bm.,bm.,https://bm-klus-bv.nl/,0,2,0,9,commercial_investigative,other,/,home,high,
bml,bml,https://bm-klus-bv.nl/,0,1,0,1,commercial_investigative,other,/,home,high,
bmm afbouw,bmm afbouw,https://bm-klus-bv.nl/,0,3,0,5,commercial_investigative,other,/,home,high,
bostik w140 buiten,bostik w140 buiten,https://bm-klus-bv.nl/buiten-stucwerk/,0,1,0,5,commercial_investigative,other,/buiten-stucwerk/,service,high,
bouw bedrijf,bouw bedrijf,https://bm-klus-bv.nl/,0,6,0,4.5,commercial_investigative,other,/,home,high,
bouw werken,bouw werken,https://bm-klus-bv.nl/,0,1,0,2,commercial_investigative,other,/,home,high,
bouwbedrijf,bouwbedrijf,https://bm-klus-bv.nl/,0,3,0,5,commercial_investigative,other,/,home,high,
bouwbedrijf klus,bouwbedrijf klus,https://bm-klus-bv.nl/,0,83,0,10.69,commercial_investigative,other,/,home,high,
bouwbedrijf rotterdam,bouwbedrijf rotterdam,https://bm-klus-bv.nl/,0,2,0,4,commercial_investigative,other,/,home,high,
bouwbedrijf zuid limburg,bouwbedrijf zuid limburg,https://bm-klus-bv.nl/,0,1,0,7,commercial_investigative,other,/,home,high,
buiten muur stucen,buiten muur stucen,https://bm-klus-bv.nl/buiten-stucwerk/,0,4,0,10,commercial_investigative,stuc_crepi,/buiten-stucwerk/,service,high,
buiten sierpleister,buiten sierpleister,https://bm-klus-bv.nl/gevelisolatie/,0,1,0,97,commercial_investigative,stuc_crepi,/gevelisolatie/,service,high,
buiten sierpleister,buiten sierpleister,https://bm-klus-bv.nl/sierpleister/,0,2,0,18.5,commercial_investigative,stuc_crepi,/sierpleister/,service,high,
buiten spachtelputz,buiten spachtelputz,https://bm-klus-bv.nl/buiten-stucwerk/,0,1,0,69,commercial_investigative,stuc_crepi,/buiten-stucwerk/,service,high,
buiten stuc,buiten stuc,https://bm-klus-bv.nl/buiten-stucwerk/,0,2,0,36.5,commercial_investigative,stuc_crepi,/buiten-stucwerk/,service,high,
buiten stucen,buiten stucen,https://bm-klus-bv.nl/buiten-stucwerk/,0,3,0,28.33,commercial_investigative,stuc_crepi,/buiten-stucwerk/,service,high,
buiten stucmortel,buiten stucmortel,https://bm-klus-bv.nl/buiten-stucwerk/,0,3,0,26.33,commercial_investigative,stuc_crepi,/buiten-stucwerk/,service,high,
buiten stucwerk,buiten stucwerk,https://bm-klus-bv.nl/buiten-stucwerk/,0,216,0,37.81,commercial_investigative,stuc_crepi,/buiten-stucwerk/,service,high,
buiten stucwerk kosten,buiten stucwerk kosten,https://bm-klus-bv.nl/buiten-stucwerk/,0,164,0,32.95,commercial,prijs_kosten,/buiten-stucwerk/,service,high,
buiten stucwerk materiaal,buiten stucwerk materiaal,https://bm-klus-bv.nl/buiten-stucwerk/,0,39,0,1.31,commercial_investigative,materialen,/buiten-stucwerk/,service,high,
buiten stucwerk op kleur,buiten stucwerk op kleur,https://bm-klus-bv.nl/buiten-stucwerk/,0,1,0,32,commercial_investigative,stuc_crepi,/buiten-stucwerk/,service,high,
buiten stucwerk prijs,buiten stucwerk prijs,https://bm-klus-bv.nl/buiten-stucwerk/,0,128,0,38.92,commercial,prijs_kosten,/buiten-stucwerk/,service,high,
buiten stucwerk repareren,buiten stucwerk repareren,https://bm-klus-bv.nl/buiten-stucwerk/,0,1,0,34,commercial_investigative,stuc_crepi,/buiten-stucwerk/,service,high,
buiten stucwerk subsidie,buiten stucwerk subsidie,https://bm-klus-bv.nl/gevelisolatie/,0,7,0,28.29,commercial_investigative,subsidie_vergunning,/gevelisolatie/,service,high,
buiten stucwerk subsidie,buiten stucwerk subsidie,https://bm-klus-bv.nl/gevelisolatie/subsidie-vergunning/,0,2,0,8,commercial_investigative,subsidie_vergunning,/gevelisolatie/subsidie-vergunning/,cluster,high,
buiten stucwerk valkenswaard,buiten stucwerk valkenswaard,https://bm-klus-bv.nl/buiten-stucwerk/,0,10,0,70.8,commercial_investigative,stuc_crepi,/buiten-stucwerk/,service,high,
buiten stukadoor,buiten stukadoor,https://bm-klus-bv.nl/buiten-stucwerk/,0,1,0,3,commercial_investigative,other,/buiten-stucwerk/,service,high,
buitengevel isolatiesysteem,buitengevel isolatiesysteem,https://bm-klus-bv.nl/gevelisolatie/,0,1,0,28,commercial_investigative,core_isolation,/gevelisolatie/,service,high,
buitengevel isoleren en stucen,buitengevel isoleren en stucen,https://bm-klus-bv.nl/buiten-stucwerk/,0,6,0,28.33,commercial_investigative,stuc_crepi,/buiten-stucwerk/,service,high,
buitengevel isoleren en stucen prijs,buitengevel isoleren en stucen prijs,https://bm-klus-bv.nl/buiten-stucwerk/,0,19,0,13.47,commercial,prijs_kosten,/buiten-stucwerk/,service,high,
buitengevel schilderen prijs,buitengevel schilderen prijs,https://bm-klus-bv.nl/gevel-schilderen/,0,1,0,26,commercial,prijs_kosten,/gevel-schilderen/,service,high,
buitengevel stucen,buitengevel stucen,https://bm-klus-bv.nl/buiten-stucwerk/,0,5,0,42.4,commercial_investigative,stuc_crepi,/buiten-stucwerk/,service,high,
buitengevel stucen kosten,buitengevel stucen kosten,https://bm-klus-bv.nl/buiten-stucwerk/,0,3,0,3,commercial,prijs_kosten,/buiten-stucwerk/,service,high,
buitengevel stucwerk,buitengevel stucwerk,https://bm-klus-bv.nl/,0,2,0,31,commercial_investigative,stuc_crepi,/,home,high,
buitengevel stucwerk,buitengevel stucwerk,https://bm-klus-bv.nl/buiten-stucwerk/,0,86,0,41.57,commercial_investigative,stuc_crepi,/buiten-stucwerk/,service,high,
buitengevel stucwerken,buitengevel stucwerken,https://bm-klus-bv.nl/buiten-stucwerk/,0,1,0,39,commercial_investigative,stuc_crepi,/buiten-stucwerk/,service,high,
buitengevel.nl,buitengevel.nl,https://bm-klus-bv.nl/buiten-stucwerk/,0,1,0,96,commercial_investigative,core_isolation,/buiten-stucwerk/,service,high,
buitengevelisolatie crepi,buitengevelisolatie crepi,https://bm-klus-bv.nl/gevelisolatie/,0,1,0,11,commercial_investigative,stuc_crepi,/gevelisolatie/,service,high,
buitengevelisolatie kosten,buitengevelisolatie kosten,https://bm-klus-bv.nl/gevelisolatie/,0,10,0,14.6,commercial,prijs_kosten,/gevelisolatie/,service,high,
buitengevelisolatie kosten,buitengevelisolatie kosten,https://bm-klus-bv.nl/gevelisolatie/kosten/,0,2,0,14,commercial,prijs_kosten,/gevelisolatie/kosten/,cluster,high,
buitengevelisolatie limburg,buitengevelisolatie limburg,https://bm-klus-bv.nl/gevelisolatie/,0,1,0,35,commercial_investigative,core_isolation,/gevelisolatie/,service,high,
buitengevelisolatie prijs,buitengevelisolatie prijs,https://bm-klus-bv.nl/gevelisolatie/,0,5,0,13.4,commercial,prijs_kosten,/gevelisolatie/,service,high,
buitengevelisolatie rotterdam,buitengevelisolatie rotterdam,https://bm-klus-bv.nl/,0,1,0,6,commercial_investigative,core_isolation,/,home,high,
buitengevelisolatie rotterdam,buitengevelisolatie rotterdam,https://bm-klus-bv.nl/gevelisolatie/,0,113,0,4.29,commercial_investigative,core_isolation,/gevelisolatie/,service,high,
buitengevelisolatie rotterdam,buitengevelisolatie rotterdam,https://bm-klus-bv.nl/gevelisolatie/rotterdam/,0,11,0,16.36,commercial_investigative,core_isolation,/gevelisolatie/rotterdam/,city,high,
buitengevelisolatie rotterdam,buitengevelisolatie rotterdam,https://bm-klus-bv.nl/onze-werken/,0,10,0,34.2,commercial_investigative,core_isolation,/onze-werken/,archive,high,
buitengevelisolatie steenstrips,buitengevelisolatie steenstrips,https://bm-klus-bv.nl/gevelisolatie/,0,1,0,29,commercial_investigative,steenstrips,/gevelisolatie/,service,high,
buitengevelrenovatie,buitengevelrenovatie,https://bm-klus-bv.nl/vlaardingen-gevelisolatie-6cm-sierpleister-15mm/,0,18,0,38.72,commercial_investigative,core_isolation,/vlaardingen-gevelisolatie-6cm-sierpleister-15mm/,,low,
buitenkant gevelisolatie,buitenkant gevelisolatie,https://bm-klus-bv.nl/gevelisolatie/,0,1,0,33,commercial_investigative,core_isolation,/gevelisolatie/,service,high,
buitenkant huis stucen,buitenkant huis stucen,https://bm-klus-bv.nl/buiten-stucwerk/,0,2,0,3,commercial_investigative,stuc_crepi,/buiten-stucwerk/,service,high,
buitenmuren stucen,buitenmuren stucen,https://bm-klus-bv.nl/buiten-stucwerk/,0,3,0,22.67,commercial_investigative,stuc_crepi,/buiten-stucwerk/,service,high,
buitenmuur aansmeren,buitenmuur aansmeren,https://bm-klus-bv.nl/buiten-stucwerk/,0,1,0,2,commercial_investigative,other,/buiten-stucwerk/,service,high,
buitenmuur grof stucen,buitenmuur grof stucen,https://bm-klus-bv.nl/buiten-stucwerk/,0,1,0,18,commercial_investigative,stuc_crepi,/buiten-stucwerk/,service,high,
buitenmuur isoleren en stucen,buitenmuur isoleren en stucen,https://bm-klus-bv.nl/buiten-stucwerk/,0,4,0,24,commercial_investigative,stuc_crepi,/buiten-stucwerk/,service,high,
buitenmuur laten schilderen,buitenmuur laten schilderen,https://bm-klus-bv.nl/gevel-schilderen/,0,32,0,62.88,commercial_investigative,stuc_crepi,/gevel-schilderen/,service,high,
buitenmuur laten stucen,buitenmuur laten stucen,https://bm-klus-bv.nl/buiten-stucwerk/,0,3,0,3,commercial_investigative,stuc_crepi,/buiten-stucwerk/,service,high,
buitenmuur pleisteren,buitenmuur pleisteren,https://bm-klus-bv.nl/buiten-stucwerk/,0,1,0,2,commercial_investigative,stuc_crepi,/buiten-stucwerk/,service,high,
buitenmuur stuc,buitenmuur stuc,https://bm-klus-bv.nl/buiten-stucwerk/,0,2,0,47,commercial_investigative,stuc_crepi,/buiten-stucwerk/,service,high,
buitenmuur stuccen,buitenmuur stuccen,https://bm-klus-bv.nl/buiten-stucwerk/,0,1,0,5,commercial_investigative,stuc_crepi,/buiten-stucwerk/,service,high,
buitenmuur stucen,buitenmuur stucen,https://bm-klus-bv.nl/buiten-stucwerk/,0,131,0,17.58,commercial_investigative,stuc_crepi,/buiten-stucwerk/,service,high,
buitenmuur stucen cement,buitenmuur stucen cement,https://bm-klus-bv.nl/buiten-stucwerk/,0,3,0,19.33,commercial_investigative,stuc_crepi,/buiten-stucwerk/,service,high,
buitenmuur stucen en isoleren,buitenmuur stucen en isoleren,https://bm-klus-bv.nl/buiten-stucwerk/,0,1,0,48,commercial_investigative,stuc_crepi,/buiten-stucwerk/,service,high,
buitenmuur stucen en isoleren,buitenmuur stucen en isoleren,https://bm-klus-bv.nl/sierpleister/,0,1,0,95,commercial_investigative,stuc_crepi,/sierpleister/,service,high,
buitenmuur stucen hornbach,buitenmuur stucen hornbach,https://bm-klus-bv.nl/buiten-stucwerk/,0,1,0,2,commercial_investigative,stuc_crepi,/buiten-stucwerk/,service,high,
buitenmuur stucen knauf,buitenmuur stucen knauf,https://bm-klus-bv.nl/buiten-stucwerk/,0,2,0,2,commercial_investigative,stuc_crepi,/buiten-stucwerk/,service,high,
buitenmuur stucen kosten,buitenmuur stucen kosten,https://bm-klus-bv.nl/buiten-stucwerk/,0,135,0,28.78,commercial,prijs_kosten,/buiten-stucwerk/,service,high,
buitenmuur stucen met cement,buitenmuur stucen met cement,https://bm-klus-bv.nl/buiten-stucwerk/,0,2,0,3,commercial_investigative,stuc_crepi,/buiten-stucwerk/,service,high,
buitenmuur stucen met isolatie,buitenmuur stucen met isolatie,https://bm-klus-bv.nl/buiten-stucwerk/,0,2,0,2,commercial_investigative,stuc_crepi,/buiten-stucwerk/,service,high,
buitenmuur stucen prijs per m2,buitenmuur stucen prijs per m2,https://bm-klus-bv.nl/buiten-stucwerk/,0,6,0,27,commercial,prijs_kosten,/buiten-stucwerk/,service,high,
buitenmuur stucen zelf doen,buitenmuur stucen zelf doen,https://bm-klus-bv.nl/buiten-stucwerk/,0,1,0,3,commercial_investigative,stuc_crepi,/buiten-stucwerk/,service,high,
buitenmuur stucwerk,buitenmuur stucwerk,https://bm-klus-bv.nl/buiten-stucwerk/,0,7,0,60,commercial_investigative,stuc_crepi,/buiten-stucwerk/,service,high,
buitenmuur verven kosten,buitenmuur verven kosten,https://bm-klus-bv.nl/gevel-schilderen/,0,2,0,17,commercial,prijs_kosten,/gevel-schilderen/,service,high,
buitenmuur zelf stucen,buitenmuur zelf stucen,https://bm-klus-bv.nl/buiten-stucwerk/,0,1,0,3,commercial_investigative,stuc_crepi,/buiten-stucwerk/,service,high,
buitenmuurtje stucen,buitenmuurtje stucen,https://bm-klus-bv.nl/buiten-stucwerk/,0,1,0,20,commercial_investigative,stuc_crepi,/buiten-stucwerk/,service,high,
buitenstuc,buitenstuc,https://bm-klus-bv.nl/buiten-stucwerk/,0,4,0,3.5,commercial_investigative,stuc_crepi,/buiten-stucwerk/,service,high,
buitenstuc kant en klaar,buitenstuc kant en klaar,https://bm-klus-bv.nl/buiten-stucwerk/,0,2,0,3.5,commercial_investigative,stuc_crepi,/buiten-stucwerk/,service,high,
buitenstucwerk,buitenstucwerk,https://bm-klus-bv.nl/buiten-stucwerk/,0,145,0,58.8,commercial_investigative,stuc_crepi,/buiten-stucwerk/,service,high,
buitenstucwerk prijs,buitenstucwerk prijs,https://bm-klus-bv.nl/buiten-stucwerk/,0,182,0,36.62,commercial,prijs_kosten,/buiten-stucwerk/,service,high,
bv bedrijf,bv bedrijf,https://bm-klus-bv.nl/,0,2,0,6,commercial_investigative,other,/,home,high,
capelle aan den ijssel,capelle aan den ijssel,https://bm-klus-bv.nl/gevelisolatie/capelle-aan-den-ijssel/,0,1,0,10,commercial_investigative,other,/gevelisolatie/capelle-aan-den-ijssel/,city,high,
cement stucen buitenmuur,cement stucen buitenmuur,https://bm-klus-bv.nl/buiten-stucwerk/,0,6,0,16.33,commercial_investigative,stuc_crepi,/buiten-stucwerk/,service,high,
cementgebonden stucwerk prijzen,cementgebonden stucwerk prijzen,https://bm-klus-bv.nl/buiten-stucwerk/,0,2,0,29.5,commercial_investigative,stuc_crepi,/buiten-stucwerk/,service,high,
cementstuc buiten,cementstuc buiten,https://bm-klus-bv.nl/buiten-stucwerk/,0,42,0,23.07,commercial_investigative,stuc_crepi,/buiten-stucwerk/,service,high,
crepi afwerking,crepi afwerking,https://bm-klus-bv.nl/gevelisolatie/,0,24,0,60,commercial_investigative,stuc_crepi,/gevelisolatie/,service,high,
crepi afwerking,crepi afwerking,https://bm-klus-bv.nl/gevelisolatie/afwerkingen/,0,10,0,18.7,commercial_investigative,stuc_crepi,/gevelisolatie/afwerkingen/,cluster,high,
crepi buitenmuur,crepi buitenmuur,https://bm-klus-bv.nl/gevelisolatie/,0,1,0,48,commercial_investigative,stuc_crepi,/gevelisolatie/,service,high,
crepi stucwerk,crepi stucwerk,https://bm-klus-bv.nl/,0,1,0,14,commercial_investigative,stuc_crepi,/,home,high,
de gevel schilder,de gevel schilder,https://bm-klus-bv.nl/gevel-schilderen/,0,1,0,42,commercial_investigative,stuc_crepi,/gevel-schilderen/,service,high,
decoratieve buitenstuc,decoratieve buitenstuc,https://bm-klus-bv.nl/buiten-stucwerk/,0,1,0,5,commercial_investigative,stuc_crepi,/buiten-stucwerk/,service,high,
dikte gevelisolatie,dikte gevelisolatie,https://bm-klus-bv.nl/gevelisolatie/rc-waarde-dikte/,0,1,0,13,commercial_investigative,technical_rc_dikte,/gevelisolatie/rc-waarde-dikte/,cluster,high,
dunne gevelisolatie,dunne gevelisolatie,https://bm-klus-bv.nl/gevelisolatie/,0,1,0,31,commercial_investigative,core_isolation,/gevelisolatie/,service,high,
duurzaam stucwerk expert,duurzaam stucwerk expert,https://bm-klus-bv.nl/buiten-stucwerk/,0,1,0,82,commercial_investigative,prijs_kosten,/buiten-stucwerk/,service,high,
een buitenmuur stucen,een buitenmuur stucen,https://bm-klus-bv.nl/buiten-stucwerk/,0,2,0,17.5,commercial_investigative,stuc_crepi,/buiten-stucwerk/,service,high,
eps etics,eps etics,https://bm-klus-bv.nl/gevelisolatie/,0,1,0,10,commercial_investigative,materialen,/gevelisolatie/,service,high,
eps isolatie steenstrips,eps isolatie steenstrips,https://bm-klus-bv.nl/gevelisolatie/,0,4,0,88.25,commercial_investigative,materialen,/gevelisolatie/,service,high,
etics,etics,https://bm-klus-bv.nl/gevelisolatie/,0,45,0,6.67,commercial_investigative,core_isolation,/gevelisolatie/,service,high,
etics betekenis,etics betekenis,https://bm-klus-bv.nl/gevelisolatie/,0,9,0,3.33,informational,core_isolation,/gevelisolatie/,service,high,
etics details,etics details,https://bm-klus-bv.nl/gevelisolatie/,0,2,0,10,commercial_investigative,core_isolation,/gevelisolatie/,service,high,
etics gevel,etics gevel,https://bm-klus-bv.nl/gevelisolatie/,0,6,0,2,commercial_investigative,core_isolation,/gevelisolatie/,service,high,
etics-systeem,etics-systeem,https://bm-klus-bv.nl/gevelisolatie/,0,4,0,10,commercial_investigative,core_isolation,/gevelisolatie/,service,high,
etivs,etivs,https://bm-klus-bv.nl/gevelisolatie/,0,1,0,6,commercial_investigative,other,/gevelisolatie/,service,high,
facade repair,facade repair,https://bm-klus-bv.nl/,0,1,0,3,commercial_investigative,other,/,home,high,
fascia repair,fascia repair,https://bm-klus-bv.nl/,0,2,0,4,commercial_investigative,other,/,home,high,
fotos,fotos,https://bm-klus-bv.nl/buiten-stucwerk/,0,1,0,2,commercial_investigative,other,/buiten-stucwerk/,service,high,
fotos,fotos,https://bm-klus-bv.nl/images/projects/halsteren-buitenstucwerk-na-01.webp,0,1,0,2,commercial_investigative,other,/images/projects/halsteren-buitenstucwerk-na-01.webp/,,low,
gestuct huis,gestuct huis,https://bm-klus-bv.nl/buiten-stucwerk/,0,1,0,13,commercial_investigative,stuc_crepi,/buiten-stucwerk/,service,high,
gestucte buitenmuur schoonmaken,gestucte buitenmuur schoonmaken,https://bm-klus-bv.nl/buiten-stucwerk/,0,1,0,3,commercial_investigative,stuc_crepi,/buiten-stucwerk/,service,high,
gestucte buitenmuur verven,gestucte buitenmuur verven,https://bm-klus-bv.nl/buiten-stucwerk/,0,1,0,3,commercial_investigative,stuc_crepi,/buiten-stucwerk/,service,high,
gestucte tuinmuur,gestucte tuinmuur,https://bm-klus-bv.nl/buiten-stucwerk/,0,2,0,2,commercial_investigative,stuc_crepi,/buiten-stucwerk/,service,high,
gestucte tuinmuur maken,gestucte tuinmuur maken,https://bm-klus-bv.nl/buiten-stucwerk/,0,1,0,2,commercial_investigative,stuc_crepi,/buiten-stucwerk/,service,high,
gevel aannemer,gevel aannemer,https://bm-klus-bv.nl/,0,1,0,2,commercial_investigative,other,/,home,high,
gevel coating rotterdam,gevel coating rotterdam,https://bm-klus-bv.nl/,0,1,0,16,commercial_investigative,other,/,home,high,
gevel isolatie kosten,gevel isolatie kosten,https://bm-klus-bv.nl/gevelisolatie/kosten/,0,1,0,15,commercial,prijs_kosten,/gevelisolatie/kosten/,cluster,high,
gevel isolatie prijs,gevel isolatie prijs,https://bm-klus-bv.nl/gevelisolatie/,0,2,0,16,commercial,prijs_kosten,/gevelisolatie/,service,high,
gevel isoleren en stucen,gevel isoleren en stucen,https://bm-klus-bv.nl/buiten-stucwerk/,0,1,0,50,commercial_investigative,stuc_crepi,/buiten-stucwerk/,service,high,
gevel isoleren en stucen,gevel isoleren en stucen,https://bm-klus-bv.nl/gevelisolatie/,0,1,0,95,commercial_investigative,stuc_crepi,/gevelisolatie/,service,high,
gevel keimen of schilderen,gevel keimen of schilderen,https://bm-klus-bv.nl/gevel-schilderen/,0,4,0,62.75,commercial_investigative,stuc_crepi,/gevel-schilderen/,service,high,
gevel laten schilderen,gevel laten schilderen,https://bm-klus-bv.nl/gevel-schilderen/,0,71,0,49.13,commercial_investigative,stuc_crepi,/gevel-schilderen/,service,high,
gevel laten stucen,gevel laten stucen,https://bm-klus-bv.nl/buiten-stucwerk/,0,5,0,61.8,commercial_investigative,stuc_crepi,/buiten-stucwerk/,service,high,
gevel laten verven,gevel laten verven,https://bm-klus-bv.nl/gevel-schilderen/,0,2,0,12.5,commercial_investigative,other,/gevel-schilderen/,service,high,
gevel renovatie rotterdam,gevel renovatie rotterdam,https://bm-klus-bv.nl/,0,28,0,87.75,commercial_investigative,other,/,home,high,
gevel schilder,gevel schilder,https://bm-klus-bv.nl/,0,5,0,45.4,commercial_investigative,stuc_crepi,/,home,high,
gevel schilder,gevel schilder,https://bm-klus-bv.nl/gevel-schilderen/,0,89,0,36.87,commercial_investigative,stuc_crepi,/gevel-schilderen/,service,high,
gevel schilderen,gevel schilderen,https://bm-klus-bv.nl/gevel-schilderen/,0,40,0,51.27,commercial_investigative,stuc_crepi,/gevel-schilderen/,service,high,
gevel schilderen de zilk,gevel schilderen de zilk,https://bm-klus-bv.nl/gevel-schilderen/,0,17,0,16.24,commercial_investigative,stuc_crepi,/gevel-schilderen/,service,high,
gevel schilderen en beschermen tegen weersinvloeden,gevel schilderen en beschermen tegen weersinvloeden,https://bm-klus-bv.nl/gevel-schilderen/,0,3,0,31.33,commercial_investigative,stuc_crepi,/gevel-schilderen/,service,high,
gevel schilderen katwijk,gevel schilderen katwijk,https://bm-klus-bv.nl/gevel-schilderen/,0,10,0,51.5,commercial_investigative,stuc_crepi,/gevel-schilderen/,service,high,
gevel schilderen katwijk,gevel schilderen katwijk,https://bm-klus-bv.nl/onze-werken/,0,1,0,78,commercial_investigative,stuc_crepi,/onze-werken/,archive,high,
gevel schilderen kosten,gevel schilderen kosten,https://bm-klus-bv.nl/gevel-schilderen/,0,28,0,59.07,commercial,prijs_kosten,/gevel-schilderen/,service,high,
gevel schilderen noordwijk,gevel schilderen noordwijk,https://bm-klus-bv.nl/gevel-schilderen/,0,44,0,47.02,commercial_investigative,stuc_crepi,/gevel-schilderen/,service,high,
gevel schilderen noordwijkerhout,gevel schilderen noordwijkerhout,https://bm-klus-bv.nl/gevel-schilderen/,0,13,0,64.69,commercial_investigative,stuc_crepi,/gevel-schilderen/,service,high,
gevel schilderen oegstgeest,gevel schilderen oegstgeest,https://bm-klus-bv.nl/gevel-schilderen/,0,3,0,41.33,commercial_investigative,stuc_crepi,/gevel-schilderen/,service,high,
gevel schilderen prijs,gevel schilderen prijs,https://bm-klus-bv.nl/gevel-schilderen/,0,11,0,17.09,commercial,prijs_kosten,/gevel-schilderen/,service,high,
gevel schilderen rijnsburg,gevel schilderen rijnsburg,https://bm-klus-bv.nl/gevel-schilderen/,0,78,0,35.21,commercial_investigative,stuc_crepi,/gevel-schilderen/,service,high,
gevel schilderen vergunning,gevel schilderen vergunning,https://bm-klus-bv.nl/gevel-schilderen/,0,1,0,46,commercial_investigative,subsidie_vergunning,/gevel-schilderen/,service,high,
gevel schilderen voor en na,gevel schilderen voor en na,https://bm-klus-bv.nl/gevel-schilderen/,0,2,0,71.5,commercial_investigative,stuc_crepi,/gevel-schilderen/,service,high,
gevel sierpleister,gevel sierpleister,https://bm-klus-bv.nl/gevelisolatie/,0,4,0,85.5,commercial_investigative,stuc_crepi,/gevelisolatie/,service,high,
gevel sierpleister,gevel sierpleister,https://bm-klus-bv.nl/sierpleister/,0,77,0,37.51,commercial_investigative,stuc_crepi,/sierpleister/,service,high,
gevel stucen kosten,gevel stucen kosten,https://bm-klus-bv.nl/buiten-stucwerk/,0,2,0,7,commercial,prijs_kosten,/buiten-stucwerk/,service,high,
gevel stucwerk,gevel stucwerk,https://bm-klus-bv.nl/buiten-stucwerk/,0,50,0,32.36,commercial_investigative,stuc_crepi,/buiten-stucwerk/,service,high,
gevel verven,gevel verven,https://bm-klus-bv.nl/gevel-schilderen/,0,4,0,77,commercial_investigative,other,/gevel-schilderen/,service,high,
gevelafwerking,gevelafwerking,https://bm-klus-bv.nl/buiten-stucwerk/,0,1,0,3,commercial_investigative,other,/buiten-stucwerk/,service,high,
gevelbekleding stucwerk,gevelbekleding stucwerk,https://bm-klus-bv.nl/buiten-stucwerk/,0,1,0,2,commercial_investigative,stuc_crepi,/buiten-stucwerk/,service,high,
gevelbekleding zuid holland,gevelbekleding zuid holland,https://bm-klus-bv.nl/,0,2,0,101,commercial_investigative,bekleden,/,home,high,
gevelisolatie,gevelisolatie,https://bm-klus-bv.nl/gevelisolatie/,0,10,0,59.7,commercial_investigative,core_isolation,/gevelisolatie/,service,high,
gevelisolatie,gevelisolatie,https://bm-klus-bv.nl/gevelisolatie/den-haag/,0,1,0,49,commercial_investigative,core_isolation,/gevelisolatie/den-haag/,city,high,
gevelisolatie 's-gravenhage,gevelisolatie 's-gravenhage,https://bm-klus-bv.nl/gevelisolatie/den-haag/,0,32,0,11.59,commercial_investigative,core_isolation,/gevelisolatie/den-haag/,city,high,
gevelisolatie afwerking,gevelisolatie afwerking,https://bm-klus-bv.nl/gevelisolatie/,0,123,0,17.82,commercial_investigative,core_isolation,/gevelisolatie/,service,high,
gevelisolatie almere,gevelisolatie almere,https://bm-klus-bv.nl/gevelisolatie-woning-almere-35m2-sierpleister/,0,828,0,13.3,commercial_investigative,core_isolation,/gevelisolatie-woning-almere-35m2-sierpleister/,,low,
gevelisolatie alphen aan den rijn,gevelisolatie alphen aan den rijn,https://bm-klus-bv.nl/gevelisolatie/alphen-aan-den-rijn/,0,1,0,10,commercial_investigative,core_isolation,/gevelisolatie/alphen-aan-den-rijn/,city,high,
gevelisolatie breda,gevelisolatie breda,https://bm-klus-bv.nl/gevelisolatie/breda/,0,6,0,16.17,commercial_investigative,core_isolation,/gevelisolatie/breda/,city,high,
gevelisolatie buitenkant,gevelisolatie buitenkant,https://bm-klus-bv.nl/gevelisolatie/,0,55,0,19.6,commercial_investigative,core_isolation,/gevelisolatie/,service,high,
gevelisolatie buitenkant,gevelisolatie buitenkant,https://bm-klus-bv.nl/gevelisolatie/kosten/,0,1,0,40,commercial_investigative,core_isolation,/gevelisolatie/kosten/,cluster,high,
gevelisolatie buitenkant kosten,gevelisolatie buitenkant kosten,https://bm-klus-bv.nl/gevelisolatie/,0,2,0,16.5,commercial,prijs_kosten,/gevelisolatie/,service,high,
gevelisolatie buitenkant kosten,gevelisolatie buitenkant kosten,https://bm-klus-bv.nl/gevelisolatie/kosten/,0,2,0,11,commercial,prijs_kosten,/gevelisolatie/kosten/,cluster,high,
gevelisolatie buitenkant stucwerk,gevelisolatie buitenkant stucwerk,https://bm-klus-bv.nl/gevelisolatie/,0,15,0,11.67,commercial_investigative,stuc_crepi,/gevelisolatie/,service,high,
gevelisolatie buitenzijde,gevelisolatie buitenzijde,https://bm-klus-bv.nl/gevelisolatie/,0,1,0,20,commercial_investigative,core_isolation,/gevelisolatie/,service,high,
gevelisolatie buitenzijde kosten,gevelisolatie buitenzijde kosten,https://bm-klus-bv.nl/gevelisolatie/,0,12,0,18.08,commercial,prijs_kosten,/gevelisolatie/,service,high,
gevelisolatie den haag,gevelisolatie den haag,https://bm-klus-bv.nl/gevelisolatie/,0,110,0,55.24,commercial_investigative,core_isolation,/gevelisolatie/,service,high,
gevelisolatie den haag,gevelisolatie den haag,https://bm-klus-bv.nl/gevelisolatie/den-haag/,0,136,0,9.25,commercial_investigative,core_isolation,/gevelisolatie/den-haag/,city,high,
gevelisolatie dikte,gevelisolatie dikte,https://bm-klus-bv.nl/gevelisolatie/rc-waarde-dikte/,0,3,0,6,commercial_investigative,technical_rc_dikte,/gevelisolatie/rc-waarde-dikte/,cluster,high,
gevelisolatie gouda,gevelisolatie gouda,https://bm-klus-bv.nl/gevelisolatie/,0,18,0,82.94,commercial_investigative,core_isolation,/gevelisolatie/,service,high,
gevelisolatie gouda,gevelisolatie gouda,https://bm-klus-bv.nl/gevelisolatie/gouda/,0,1,0,4,commercial_investigative,core_isolation,/gevelisolatie/gouda/,city,high,
gevelisolatie kosten,gevelisolatie kosten,https://bm-klus-bv.nl/gevelisolatie/,0,26,0,58.65,commercial,prijs_kosten,/gevelisolatie/,service,high,
gevelisolatie kosten,gevelisolatie kosten,https://bm-klus-bv.nl/gevelisolatie/kosten/,0,43,0,19.3,commercial,prijs_kosten,/gevelisolatie/kosten/,cluster,high,
gevelisolatie kosten en voordelen,gevelisolatie kosten en voordelen,https://bm-klus-bv.nl/gevelisolatie/,0,12,0,34.75,mixed,prijs_kosten,/gevelisolatie/,service,high,
gevelisolatie leiden,gevelisolatie leiden,https://bm-klus-bv.nl/gevelisolatie/,0,142,0,82.8,commercial_investigative,core_isolation,/gevelisolatie/,service,high,
gevelisolatie maastricht,gevelisolatie maastricht,https://bm-klus-bv.nl/gevelisolatie/,0,2,0,59.5,commercial_investigative,core_isolation,/gevelisolatie/,service,high,
gevelisolatie met crepi,gevelisolatie met crepi,https://bm-klus-bv.nl/gevelisolatie/,0,36,0,80.64,commercial_investigative,stuc_crepi,/gevelisolatie/,service,high,
gevelisolatie offerte,gevelisolatie offerte,https://bm-klus-bv.nl/gevelisolatie/,0,4,0,20,commercial,offerte,/gevelisolatie/,service,high,
gevelisolatie offerte,gevelisolatie offerte,https://bm-klus-bv.nl/gevelisolatie/kosten/,0,1,0,29,commercial,offerte,/gevelisolatie/kosten/,cluster,high,
gevelisolatie prijs,gevelisolatie prijs,https://bm-klus-bv.nl/gevelisolatie/,0,25,0,15.04,commercial,prijs_kosten,/gevelisolatie/,service,high,
gevelisolatie prijs,gevelisolatie prijs,https://bm-klus-bv.nl/gevelisolatie/kosten/,0,3,0,25.33,commercial,prijs_kosten,/gevelisolatie/kosten/,cluster,high,
gevelisolatie rc waarde,gevelisolatie rc waarde,https://bm-klus-bv.nl/gevelisolatie/rc-waarde-dikte/,0,1,0,22,commercial_investigative,technical_rc_dikte,/gevelisolatie/rc-waarde-dikte/,cluster,high,
gevelisolatie rotterdam,gevelisolatie rotterdam,https://bm-klus-bv.nl/gevelisolatie/dordrecht/,0,1,0,95,commercial_investigative,core_isolation,/gevelisolatie/dordrecht/,city,high,
gevelisolatie rotterdam,gevelisolatie rotterdam,https://bm-klus-bv.nl/gevelisolatie/rotterdam/,0,26,0,53.73,commercial_investigative,core_isolation,/gevelisolatie/rotterdam/,city,high,
gevelisolatie rotterdam,gevelisolatie rotterdam,https://bm-klus-bv.nl/onze-werken/,0,83,0,49.24,commercial_investigative,core_isolation,/onze-werken/,archive,high,
gevelisolatie rotterdam,gevelisolatie rotterdam,https://bm-klus-bv.nl/onze-werken/rotterdam-julianastraat-aanbouw-isolatie-4cm-2026/,0,1,0,8,commercial_investigative,core_isolation,/onze-werken/rotterdam-julianastraat-aanbouw-isolatie-4cm-2026/,project,high,
gevelisolatie stucwerk,gevelisolatie stucwerk,https://bm-klus-bv.nl/buiten-stucwerk/,0,1,0,4,commercial_investigative,stuc_crepi,/buiten-stucwerk/,service,high,
gevelisolatie vergelijken,gevelisolatie vergelijken,https://bm-klus-bv.nl/gevelisolatie/,0,1,0,91,commercial,core_isolation,/gevelisolatie/,service,high,
gevelisolatie vlaardingen,gevelisolatie vlaardingen,https://bm-klus-bv.nl/gevelisolatie-woning-vlaardingen-10cm-sierpleister/,0,1,0,7,commercial_investigative,core_isolation,/gevelisolatie-woning-vlaardingen-10cm-sierpleister/,,low,
gevelisolatie vlaardingen,gevelisolatie vlaardingen,https://bm-klus-bv.nl/onze-werken/,0,3,0,29.67,commercial_investigative,core_isolation,/onze-werken/,archive,high,
gevelisolatie zoetermeer,gevelisolatie zoetermeer,https://bm-klus-bv.nl/gevelisolatie/,0,440,0,87.87,commercial_investigative,core_isolation,/gevelisolatie/,service,high,
gevelpleisters,gevelpleisters,https://bm-klus-bv.nl/gevelisolatie/afwerkingen/,0,1,0,92,commercial_investigative,stuc_crepi,/gevelisolatie/afwerkingen/,cluster,high,
gevelrenovatie bedrijf,gevelrenovatie bedrijf,https://bm-klus-bv.nl/,0,1,0,41,commercial_investigative,other,/,home,high,
gevelrenovatie met folie in rotterdam,gevelrenovatie met folie in rotterdam,https://bm-klus-bv.nl/,0,461,0,23.73,commercial_investigative,other,/,home,high,
gevelrenovatie rotterdam,gevelrenovatie rotterdam,https://bm-klus-bv.nl/,0,2,0,6,commercial_investigative,other,/,home,high,
gevelrenovatie vlaardingen,gevelrenovatie vlaardingen,https://bm-klus-bv.nl/onze-werken/vlaardingen-gevelisolatie-6cm-sierpleister-2024/,0,1,0,59,commercial_investigative,other,/onze-werken/vlaardingen-gevelisolatie-6cm-sierpleister-2024/,project,high,
gevelrestauratie rotterdam,gevelrestauratie rotterdam,https://bm-klus-bv.nl/,0,2,0,33.5,commercial_investigative,other,/,home,high,
gevels schilderen,gevels schilderen,https://bm-klus-bv.nl/gevel-schilderen/,0,3,0,44.67,commercial_investigative,stuc_crepi,/gevel-schilderen/,service,high,
gevelschilderwerken,gevelschilderwerken,https://bm-klus-bv.nl/gevel-schilderen/,0,11,0,7.36,commercial_investigative,stuc_crepi,/gevel-schilderen/,service,high,
gevelspecialist rotterdam,gevelspecialist rotterdam,https://bm-klus-bv.nl/,0,6,0,97.83,commercial_investigative,other,/,home,high,
gevelstuc,gevelstuc,https://bm-klus-bv.nl/buiten-stucwerk/,0,1,0,4,commercial_investigative,stuc_crepi,/buiten-stucwerk/,service,high,
gevelstucwerk,gevelstucwerk,https://bm-klus-bv.nl/buiten-stucwerk/,0,1,0,2,commercial_investigative,stuc_crepi,/buiten-stucwerk/,service,high,
grof stucwerk,grof stucwerk,https://bm-klus-bv.nl/buiten-stucwerk/,0,1,0,98,commercial_investigative,stuc_crepi,/buiten-stucwerk/,service,high,
grof stucwerk buiten,grof stucwerk buiten,https://bm-klus-bv.nl/buiten-stucwerk/,0,4,0,21.5,commercial_investigative,stuc_crepi,/buiten-stucwerk/,service,high,
grof stucwerk buitenmuur,grof stucwerk buitenmuur,https://bm-klus-bv.nl/buiten-stucwerk/,0,1,0,15,commercial_investigative,stuc_crepi,/buiten-stucwerk/,service,high,
heb je foto’s,heb je foto’s,https://bm-klus-bv.nl/gevelisolatie/,0,1,0,24,commercial_investigative,other,/gevelisolatie/,service,high,
heb je foto’s,heb je foto’s,https://bm-klus-bv.nl/wp-content/uploads/2025/10/stuc-gladde-strakke-afwerking.jpg,0,1,0,24,commercial_investigative,other,/wp-content/uploads/2025/10/stuc-gladde-strakke-afwerking.jpg/,,low,
hekwerk etten leur,hekwerk etten leur,https://bm-klus-bv.nl/onze-werken/,0,2,0,89.5,commercial_investigative,other,/onze-werken/,archive,high,
hoe dik isolatie buitenmuur,hoe dik isolatie buitenmuur,https://bm-klus-bv.nl/gevelisolatie/rc-waarde-dikte/,0,1,0,3,informational,other,/gevelisolatie/rc-waarde-dikte/,cluster,high,
hoeveel kost gevelisolatie,hoeveel kost gevelisolatie,https://bm-klus-bv.nl/gevelisolatie/kosten/,0,1,0,1,commercial,prijs_kosten,/gevelisolatie/kosten/,cluster,high,
huis buitenmuur stucen,huis buitenmuur stucen,https://bm-klus-bv.nl/buiten-stucwerk/,0,1,0,3,commercial_investigative,stuc_crepi,/buiten-stucwerk/,service,high,
huis reinigen na verbouwing,huis reinigen na verbouwing,https://bm-klus-bv.nl/schoonmaak-na-verbouwing/,0,2,0,98.5,commercial_investigative,other,/schoonmaak-na-verbouwing/,service,high,
huis schoonmaken na verbouwing,huis schoonmaken na verbouwing,https://bm-klus-bv.nl/schoonmaak-na-verbouwing/,0,120,0,77.8,commercial_investigative,other,/schoonmaak-na-verbouwing/,service,high,
huis stofvrij maken na verbouwing,huis stofvrij maken na verbouwing,https://bm-klus-bv.nl/schoonmaak-na-verbouwing/,0,2,0,50,commercial_investigative,other,/schoonmaak-na-verbouwing/,service,high,
huis stucen buitenkant,huis stucen buitenkant,https://bm-klus-bv.nl/buiten-stucwerk/,0,1,0,3,commercial_investigative,stuc_crepi,/buiten-stucwerk/,service,high,
huis verven buitenkant,huis verven buitenkant,https://bm-klus-bv.nl/gevel-schilderen/,0,1,0,95,commercial_investigative,other,/gevel-schilderen/,service,high,
isolatie met crepi,isolatie met crepi,https://bm-klus-bv.nl/gevelisolatie/,0,17,0,90.53,commercial_investigative,stuc_crepi,/gevelisolatie/,service,high,
isolatie rc waarde,isolatie rc waarde,https://bm-klus-bv.nl/gevelisolatie/rc-waarde-dikte/,0,1,0,87,commercial_investigative,technical_rc_dikte,/gevelisolatie/rc-waarde-dikte/,cluster,high,
isolatie stucwerk buitengevel,isolatie stucwerk buitengevel,https://bm-klus-bv.nl/buiten-stucwerk/,0,1,0,2,commercial_investigative,stuc_crepi,/buiten-stucwerk/,service,high,
isolatie vlaardingen,isolatie vlaardingen,https://bm-klus-bv.nl/gevelisolatie/vlaardingen/,0,2,0,22,commercial_investigative,other,/gevelisolatie/vlaardingen/,city,high,
isolatie vlaardingen,isolatie vlaardingen,https://bm-klus-bv.nl/onze-werken/,0,1,0,99,commercial_investigative,other,/onze-werken/,archive,high,
isolerend stucwerk,isolerend stucwerk,https://bm-klus-bv.nl/buiten-stucwerk/,0,1,0,1,commercial_investigative,stuc_crepi,/buiten-stucwerk/,service,high,
kalkstuc buitengevel,kalkstuc buitengevel,https://bm-klus-bv.nl/buiten-stucwerk/,0,1,0,43,commercial_investigative,stuc_crepi,/buiten-stucwerk/,service,high,
kant en klare stuc voor buiten,kant en klare stuc voor buiten,https://bm-klus-bv.nl/buiten-stucwerk/,0,1,0,2,commercial_investigative,stuc_crepi,/buiten-stucwerk/,service,high,
keimwerk schoonmaken,keimwerk schoonmaken,https://bm-klus-bv.nl/gevel-schilderen/,0,1,0,52,commercial_investigative,other,/gevel-schilderen/,service,high,
klus,klus,https://bm-klus-bv.nl/,0,42,0,10.4,commercial_investigative,other,/,home,high,
klus bedrijf,klus bedrijf,https://bm-klus-bv.nl/,0,1,0,1,commercial_investigative,other,/,home,high,
klus bedrijven,klus bedrijven,https://bm-klus-bv.nl/,0,1,0,1,commercial_investigative,other,/,home,high,
klusbedrijf goeree overflakkee,klusbedrijf goeree overflakkee,https://bm-klus-bv.nl/,0,4,0,24.75,commercial_investigative,stuc_crepi,/,home,high,
klusbedrijf rotterdam,klusbedrijf rotterdam,https://bm-klus-bv.nl/,0,41,0,50.44,commercial_investigative,other,/,home,high,
klussen rotterdam,klussen rotterdam,https://bm-klus-bv.nl/,0,7,0,62.71,commercial_investigative,other,/,home,high,
klussenbedrijf 010 rotterdam,klussenbedrijf 010 rotterdam,https://bm-klus-bv.nl/,0,2,0,46,commercial_investigative,other,/,home,high,
kluswerk,kluswerk,https://bm-klus-bv.nl/,0,2,0,17.5,commercial_investigative,other,/,home,high,
knauf sm 700 pro,knauf sm 700 pro,https://bm-klus-bv.nl/buiten-stucwerk/,0,2,0,4.5,commercial_investigative,other,/buiten-stucwerk/,service,high,
kosten behangklaar stucen,kosten behangklaar stucen,https://bm-klus-bv.nl/muren-stucen/,0,1,0,70,commercial,prijs_kosten,/muren-stucen/,service,high,
kosten buiten stucwerk,kosten buiten stucwerk,https://bm-klus-bv.nl/buiten-stucwerk/,0,113,0,31.98,commercial,prijs_kosten,/buiten-stucwerk/,service,high,
kosten buitengevelisolatie,kosten buitengevelisolatie,https://bm-klus-bv.nl/gevelisolatie/,0,1,0,16,commercial,prijs_kosten,/gevelisolatie/,service,high,
kosten buitenmuur stucen,kosten buitenmuur stucen,https://bm-klus-bv.nl/buiten-stucwerk/,0,30,0,22.03,commercial,prijs_kosten,/buiten-stucwerk/,service,high,
kosten buitenstucwerk,kosten buitenstucwerk,https://bm-klus-bv.nl/buiten-stucwerk/,0,186,0,33.09,commercial,prijs_kosten,/buiten-stucwerk/,service,high,
kosten gevel schilderen,kosten gevel schilderen,https://bm-klus-bv.nl/gevel-schilderen/,0,1,0,19,commercial,prijs_kosten,/gevel-schilderen/,service,high,
kosten gevelisolatie,kosten gevelisolatie,https://bm-klus-bv.nl/gevelisolatie/,0,10,0,50.3,commercial,prijs_kosten,/gevelisolatie/,service,high,
kosten gevelisolatie,kosten gevelisolatie,https://bm-klus-bv.nl/gevelisolatie/kosten/,0,27,0,18.15,commercial,prijs_kosten,/gevelisolatie/kosten/,cluster,high,
kosten gevelisolatie buitenzijde,kosten gevelisolatie buitenzijde,https://bm-klus-bv.nl/gevelisolatie/,0,2,0,16.5,commercial,prijs_kosten,/gevelisolatie/,service,high,
kosten gevelonderhoud,kosten gevelonderhoud,https://bm-klus-bv.nl/gevelisolatie/den-haag/,0,1,0,30,commercial,prijs_kosten,/gevelisolatie/den-haag/,city,high,
kosten gevelonderhoud,kosten gevelonderhoud,https://bm-klus-bv.nl/gevelisolatie/leiden/,0,1,0,13,commercial,prijs_kosten,/gevelisolatie/leiden/,city,high,
kosten gevelonderhoud,kosten gevelonderhoud,https://bm-klus-bv.nl/gevelisolatie/rotterdam/,0,1,0,3,commercial,prijs_kosten,/gevelisolatie/rotterdam/,city,high,
kosten gevelonderhoud,kosten gevelonderhoud,https://bm-klus-bv.nl/gevelisolatie/vlaardingen/,0,1,0,38,commercial,prijs_kosten,/gevelisolatie/vlaardingen/,city,high,
kosten keimen gevel,kosten keimen gevel,https://bm-klus-bv.nl/gevel-schilderen/,0,17,0,20,commercial,prijs_kosten,/gevel-schilderen/,service,high,
kosten stucen buitenmuur,kosten stucen buitenmuur,https://bm-klus-bv.nl/buiten-stucwerk/,0,1,0,61,commercial,prijs_kosten,/buiten-stucwerk/,service,high,
kozijn schilderen in delft,kozijn schilderen in delft,https://bm-klus-bv.nl/gevelisolatie/,0,3,0,76,commercial_investigative,stuc_crepi,/gevelisolatie/,service,high,
lambda waarde stucwerk,lambda waarde stucwerk,https://bm-klus-bv.nl/gevelisolatie/,0,1,0,12,commercial_investigative,technical_rc_dikte,/gevelisolatie/,service,high,
minerale sierpleister,minerale sierpleister,https://bm-klus-bv.nl/sierpleister/,0,1,0,19,commercial_investigative,stuc_crepi,/sierpleister/,service,high,
"mkz klussenbedrijf, hogenbanweg, , rotterdam netherlands","mkz klussenbedrijf, hogenbanweg, , rotterdam netherlands",https://bm-klus-bv.nl/,0,6,0,7.83,commercial_investigative,other,/,home,high,
muren stucen,muren stucen,https://bm-klus-bv.nl/muren-stucen-2/,0,1,0,37,commercial_investigative,stuc_crepi,/muren-stucen-2/,,low,
muren stucen,muren stucen,https://bm-klus-bv.nl/muren-stucen/,0,3,0,19.33,commercial_investigative,stuc_crepi,/muren-stucen/,service,high,
muren stucen valkenswaard,muren stucen valkenswaard,https://bm-klus-bv.nl/muren-stucen-2/,0,8,0,67.62,commercial_investigative,stuc_crepi,/muren-stucen-2/,,low,
muur stucen buiten,muur stucen buiten,https://bm-klus-bv.nl/buiten-stucwerk/,0,1,0,12,commercial_investigative,stuc_crepi,/buiten-stucwerk/,service,high,
natuurkalk stucwerk gevel,natuurkalk stucwerk gevel,https://bm-klus-bv.nl/buiten-stucwerk/,0,1,0,48,commercial_investigative,stuc_crepi,/buiten-stucwerk/,service,high,
nieuw-beijerland,nieuw-beijerland,https://bm-klus-bv.nl/gevelisolatie/afwerkingen/,0,2,0,40,commercial_investigative,other,/gevelisolatie/afwerkingen/,cluster,high,
object7,object7,https://bm-klus-bv.nl/object7/,0,2,0,3,commercial_investigative,other,/object7/,,low,
offerte gevelisolatie,offerte gevelisolatie,https://bm-klus-bv.nl/gevelisolatie/,0,16,0,15,commercial,offerte,/gevelisolatie/,service,high,
onderhoud buitenstucwerk,onderhoud buitenstucwerk,https://bm-klus-bv.nl/buiten-stucwerk/,0,72,0,49.21,commercial_investigative,stuc_crepi,/buiten-stucwerk/,service,high,
opbouw gevelisolatie,opbouw gevelisolatie,https://bm-klus-bv.nl/gevelisolatie/,0,2,0,3,commercial_investigative,core_isolation,/gevelisolatie/,service,high,
opleverschoonmaak,opleverschoonmaak,https://bm-klus-bv.nl/schoonmaak-na-verbouwing/,0,18,0,96.28,commercial_investigative,other,/schoonmaak-na-verbouwing/,service,high,
perfect gevel,perfect gevel,https://bm-klus-bv.nl/,0,1,0,12,commercial_investigative,other,/,home,high,
perfect gevel,perfect gevel,https://bm-klus-bv.nl/gevel-schilderen/,0,2,0,71,commercial_investigative,other,/gevel-schilderen/,service,high,
pleister buitenmuur,pleister buitenmuur,https://bm-klus-bv.nl/buiten-stucwerk/,0,1,0,2,commercial_investigative,stuc_crepi,/buiten-stucwerk/,service,high,
pleisterwerk buiten,pleisterwerk buiten,https://bm-klus-bv.nl/buiten-stucwerk/,0,1,0,33,commercial_investigative,stuc_crepi,/buiten-stucwerk/,service,high,
pleisterwerk buitenmuur,pleisterwerk buitenmuur,https://bm-klus-bv.nl/buiten-stucwerk/,0,6,0,5.33,commercial_investigative,stuc_crepi,/buiten-stucwerk/,service,high,
pleisterwerk gevel,pleisterwerk gevel,https://bm-klus-bv.nl/buiten-stucwerk/,0,1,0,3,commercial_investigative,stuc_crepi,/buiten-stucwerk/,service,high,
poetsen na verbouwing,poetsen na verbouwing,https://bm-klus-bv.nl/schoonmaak-na-verbouwing/,0,17,0,71.18,commercial_investigative,other,/schoonmaak-na-verbouwing/,service,high,
polystuc,polystuc,https://bm-klus-bv.nl/gevelisolatie/,0,2,0,21.5,commercial_investigative,stuc_crepi,/gevelisolatie/,service,high,
populaire stucwerk stijlen 2025,populaire stucwerk stijlen 2025,https://bm-klus-bv.nl/gevelisolatie/afwerkingen/,0,1,0,22,commercial_investigative,stuc_crepi,/gevelisolatie/afwerkingen/,cluster,high,
prijs buitengevelisolatie,prijs buitengevelisolatie,https://bm-klus-bv.nl/gevelisolatie/,0,3,0,60.67,commercial,prijs_kosten,/gevelisolatie/,service,high,
prijs buitenstucwerk,prijs buitenstucwerk,https://bm-klus-bv.nl/buiten-stucwerk/,0,217,0,30.75,commercial,prijs_kosten,/buiten-stucwerk/,service,high,
prijs buitenstucwerk,prijs buitenstucwerk,https://bm-klus-bv.nl/gevelisolatie/,0,1,0,70,commercial,prijs_kosten,/gevelisolatie/,service,high,
prijs buitenstucwerk,prijs buitenstucwerk,https://bm-klus-bv.nl/sierpleister/,0,3,0,60,commercial,prijs_kosten,/sierpleister/,service,high,
prijs gevel schilderen,prijs gevel schilderen,https://bm-klus-bv.nl/gevel-schilderen/,0,3,0,9,commercial,prijs_kosten,/gevel-schilderen/,service,high,
prijs gevelisolatie,prijs gevelisolatie,https://bm-klus-bv.nl/gevelisolatie/,0,4,0,14.5,commercial,prijs_kosten,/gevelisolatie/,service,high,
prijs spachtelputz,prijs spachtelputz,https://bm-klus-bv.nl/sierpleister/,0,39,0,40.77,commercial,prijs_kosten,/sierpleister/,service,high,
prijs steenstrips met isolatie,prijs steenstrips met isolatie,https://bm-klus-bv.nl/gevelisolatie/kosten/,0,1,0,11,commercial,prijs_kosten,/gevelisolatie/kosten/,cluster,high,
professioneel schilderen,professioneel schilderen,https://bm-klus-bv.nl/gevel-schilderen/,0,52,0,14.56,commercial_investigative,stuc_crepi,/gevel-schilderen/,service,high,
professioneel schoonmaak en bouwbedrijf,professioneel schoonmaak en bouwbedrijf,https://bm-klus-bv.nl/,0,1,0,94,commercial_investigative,other,/,home,high,
professionele schoonmaak na verbouwing,professionele schoonmaak na verbouwing,https://bm-klus-bv.nl/schoonmaak-na-verbouwing/,0,58,0,68.03,commercial_investigative,other,/schoonmaak-na-verbouwing/,service,high,
rc bereken,rc bereken,https://bm-klus-bv.nl/gevelisolatie/rc-waarde-dikte/,0,18,0,80.44,commercial_investigative,other,/gevelisolatie/rc-waarde-dikte/,cluster,high,
rc berekenen,rc berekenen,https://bm-klus-bv.nl/gevelisolatie/rc-waarde-dikte/,0,16,0,75.75,commercial_investigative,other,/gevelisolatie/rc-waarde-dikte/,cluster,high,
rc berekening,rc berekening,https://bm-klus-bv.nl/gevelisolatie/rc-waarde-dikte/,0,18,0,69.11,commercial_investigative,other,/gevelisolatie/rc-waarde-dikte/,cluster,high,
rc check,rc check,https://bm-klus-bv.nl/gevelisolatie/rc-waarde-dikte/,0,1,0,4,commercial_investigative,other,/gevelisolatie/rc-waarde-dikte/,cluster,high,
rc wa,rc wa,https://bm-klus-bv.nl/gevelisolatie/rc-waarde-dikte/,0,1,0,10,commercial_investigative,other,/gevelisolatie/rc-waarde-dikte/,cluster,high,
rc waarde 2020,rc waarde 2020,https://bm-klus-bv.nl/gevelisolatie/rc-waarde-dikte/,0,1,0,19,commercial_investigative,technical_rc_dikte,/gevelisolatie/rc-waarde-dikte/,cluster,high,
rc waarde berekenen,rc waarde berekenen,https://bm-klus-bv.nl/gevelisolatie/rc-waarde-dikte/,0,8,0,71.12,commercial_investigative,technical_rc_dikte,/gevelisolatie/rc-waarde-dikte/,cluster,high,
rc waarde berekenen formule,rc waarde berekenen formule,https://bm-klus-bv.nl/gevelisolatie/rc-waarde-dikte/,0,1,0,70,commercial_investigative,technical_rc_dikte,/gevelisolatie/rc-waarde-dikte/,cluster,high,
rc waarde beton,rc waarde beton,https://bm-klus-bv.nl/gevelisolatie/rc-waarde-dikte/,0,19,0,62.53,commercial_investigative,technical_rc_dikte,/gevelisolatie/rc-waarde-dikte/,cluster,high,
rc waarde eps,rc waarde eps,https://bm-klus-bv.nl/gevelisolatie/rc-waarde-dikte/,0,4,0,40.5,commercial_investigative,materialen,/gevelisolatie/rc-waarde-dikte/,cluster,high,
rc waarde gevel,rc waarde gevel,https://bm-klus-bv.nl/gevelisolatie/rc-waarde-dikte/,0,13,0,48.69,commercial_investigative,technical_rc_dikte,/gevelisolatie/rc-waarde-dikte/,cluster,high,
rc waarde isolatie,rc waarde isolatie,https://bm-klus-bv.nl/gevelisolatie/rc-waarde-dikte/,0,1,0,83,commercial_investigative,technical_rc_dikte,/gevelisolatie/rc-waarde-dikte/,cluster,high,
rc waarde verhogen,rc waarde verhogen,https://bm-klus-bv.nl/gevelisolatie/rc-waarde-dikte/,0,1,0,49,commercial_investigative,technical_rc_dikte,/gevelisolatie/rc-waarde-dikte/,cluster,high,
renovatie buitenschil rotterdam,renovatie buitenschil rotterdam,https://bm-klus-bv.nl/over-ons/,0,6,0,5.67,commercial_investigative,other,/over-ons/,utility,high,
renovatie trim,renovatie trim,https://bm-klus-bv.nl/,0,1,0,8,commercial_investigative,other,/,home,high,
renovatiediensten,renovatiediensten,https://bm-klus-bv.nl/,0,21,0,23.1,commercial_investigative,other,/,home,high,
reparatie stucwerk buiten,reparatie stucwerk buiten,https://bm-klus-bv.nl/buiten-stucwerk/,0,1,0,72,commercial_investigative,stuc_crepi,/buiten-stucwerk/,service,high,
sausklaar,sausklaar,https://bm-klus-bv.nl/muren-stucen/,0,4,0,15,commercial_investigative,other,/muren-stucen/,service,high,
sausklaar maken muren,sausklaar maken muren,https://bm-klus-bv.nl/muren-stucen/,0,6,0,28.83,commercial_investigative,other,/muren-stucen/,service,high,
sausklaar maken nieuwbouw,sausklaar maken nieuwbouw,https://bm-klus-bv.nl/muren-stucen/,0,1,0,49,commercial_investigative,other,/muren-stucen/,service,high,
sausklaar maken wanden,sausklaar maken wanden,https://bm-klus-bv.nl/muren-stucen/,0,1,0,18,commercial_investigative,other,/muren-stucen/,service,high,
sausklaar nieuwbouw,sausklaar nieuwbouw,https://bm-klus-bv.nl/muren-stucen/,0,5,0,24,commercial_investigative,other,/muren-stucen/,service,high,
sausklaar of behangklaar,sausklaar of behangklaar,https://bm-klus-bv.nl/muren-stucen/,0,3,0,42.33,commercial_investigative,other,/muren-stucen/,service,high,
sausklaar stucen,sausklaar stucen,https://bm-klus-bv.nl/muren-stucen/,0,230,0,25.28,commercial_investigative,stuc_crepi,/muren-stucen/,service,high,
sausklaar stucen nieuwbouw,sausklaar stucen nieuwbouw,https://bm-klus-bv.nl/muren-stucen/,0,56,0,28.07,commercial_investigative,stuc_crepi,/muren-stucen/,service,high,
sausklaar stucwerk,sausklaar stucwerk,https://bm-klus-bv.nl/muren-stucen/,0,73,0,48.19,commercial_investigative,stuc_crepi,/muren-stucen/,service,high,
sausklaar stucwerk schilderen,sausklaar stucwerk schilderen,https://bm-klus-bv.nl/muren-stucen/,0,1,0,31,commercial_investigative,stuc_crepi,/muren-stucen/,service,high,
sausklaar stucwerk voorstrijken,sausklaar stucwerk voorstrijken,https://bm-klus-bv.nl/muren-stucen/,0,6,0,28.17,commercial_investigative,stuc_crepi,/muren-stucen/,service,high,
sausklaar stuukwerk,sausklaar stuukwerk,https://bm-klus-bv.nl/muren-stucen/,0,1,0,48,commercial_investigative,other,/muren-stucen/,service,high,
sausklare wanden,sausklare wanden,https://bm-klus-bv.nl/muren-stucen/,0,3,0,59,commercial_investigative,other,/muren-stucen/,service,high,
sauzklaar stucwerk,sauzklaar stucwerk,https://bm-klus-bv.nl/muren-stucen/,0,1,0,47,commercial_investigative,stuc_crepi,/muren-stucen/,service,high,
schilder gevel,schilder gevel,https://bm-klus-bv.nl/gevel-schilderen/,0,2,0,60,commercial_investigative,stuc_crepi,/gevel-schilderen/,service,high,
schilderen buitenmuur,schilderen buitenmuur,https://bm-klus-bv.nl/gevel-schilderen/,0,1,0,99,commercial_investigative,stuc_crepi,/gevel-schilderen/,service,high,
schilderen gevel,schilderen gevel,https://bm-klus-bv.nl/,0,1,0,97,commercial_investigative,stuc_crepi,/,home,high,
schilderen gevel,schilderen gevel,https://bm-klus-bv.nl/gevel-schilderen/,0,5,0,91.8,commercial_investigative,stuc_crepi,/gevel-schilderen/,service,high,
schilderen gevels,schilderen gevels,https://bm-klus-bv.nl/gevel-schilderen/,0,2,0,67.5,commercial_investigative,stuc_crepi,/gevel-schilderen/,service,high,
schildersbedrijf klus,schildersbedrijf klus,https://bm-klus-bv.nl/,0,7,0,35.14,commercial_investigative,stuc_crepi,/,home,high,
schilderwerken gevel,schilderwerken gevel,https://bm-klus-bv.nl/gevel-schilderen/,0,9,0,41.44,commercial_investigative,stuc_crepi,/gevel-schilderen/,service,high,
schoonmaak na bouw,schoonmaak na bouw,https://bm-klus-bv.nl/schoonmaak-na-verbouwing/,0,1,0,95,commercial_investigative,other,/schoonmaak-na-verbouwing/,service,high,
schoonmaak na renovatie,schoonmaak na renovatie,https://bm-klus-bv.nl/schoonmaak-na-verbouwing/,0,12,0,27.83,commercial_investigative,other,/schoonmaak-na-verbouwing/,service,high,
schoonmaak na verbouwing,schoonmaak na verbouwing,https://bm-klus-bv.nl/schoonmaak-na-verbouwing/,0,579,0,23.38,commercial_investigative,other,/schoonmaak-na-verbouwing/,service,high,
schoonmaak na verbouwing horst,schoonmaak na verbouwing horst,https://bm-klus-bv.nl/schoonmaak-na-verbouwing/,0,5,0,29.6,commercial_investigative,other,/schoonmaak-na-verbouwing/,service,high,
schoonmaak na verbouwwerken,schoonmaak na verbouwwerken,https://bm-klus-bv.nl/schoonmaak-na-verbouwing/,0,62,0,54.98,commercial_investigative,other,/schoonmaak-na-verbouwing/,service,high,
schoonmaakbedrijf na verbouwing,schoonmaakbedrijf na verbouwing,https://bm-klus-bv.nl/schoonmaak-na-verbouwing/,0,4,0,60,commercial_investigative,other,/schoonmaak-na-verbouwing/,service,high,
schoonmaken na verbouwing,schoonmaken na verbouwing,https://bm-klus-bv.nl/schoonmaak-na-verbouwing/,0,63,0,16.02,commercial_investigative,other,/schoonmaak-na-verbouwing/,service,high,
schuur stucen,schuur stucen,https://bm-klus-bv.nl/buiten-stucwerk/,0,1,0,3,commercial_investigative,stuc_crepi,/buiten-stucwerk/,service,high,
sierpleister,sierpleister,https://bm-klus-bv.nl/,0,1,0,15,commercial_investigative,stuc_crepi,/,home,high,
sierpleister,sierpleister,https://bm-klus-bv.nl/sierpleister/,0,48,0,59,commercial_investigative,stuc_crepi,/sierpleister/,service,high,
sierpleister buiten,sierpleister buiten,https://bm-klus-bv.nl/buiten-stucwerk/,0,1,0,42,commercial_investigative,stuc_crepi,/buiten-stucwerk/,service,high,
sierpleister buiten,sierpleister buiten,https://bm-klus-bv.nl/sierpleister/,0,2,0,20,commercial_investigative,stuc_crepi,/sierpleister/,service,high,
sierpleister buiten doe het zelf,sierpleister buiten doe het zelf,https://bm-klus-bv.nl/buiten-stucwerk/,0,1,0,3,commercial_investigative,stuc_crepi,/buiten-stucwerk/,service,high,
sierpleister buitengevel,sierpleister buitengevel,https://bm-klus-bv.nl/buiten-stucwerk/,0,4,0,30.25,commercial_investigative,stuc_crepi,/buiten-stucwerk/,service,high,
sierpleister buitengevel,sierpleister buitengevel,https://bm-klus-bv.nl/sierpleister/,0,21,0,19.9,commercial_investigative,stuc_crepi,/sierpleister/,service,high,
sierpleister gevel,sierpleister gevel,https://bm-klus-bv.nl/sierpleister/,0,1,0,17,commercial_investigative,stuc_crepi,/sierpleister/,service,high,
sierpleister korrel,sierpleister korrel,https://bm-klus-bv.nl/sierpleister/,0,1,0,17,commercial_investigative,stuc_crepi,/sierpleister/,service,high,
sierpleister kosten,sierpleister kosten,https://bm-klus-bv.nl/gevelisolatie/,0,1,0,84,commercial,prijs_kosten,/gevelisolatie/,service,high,
sierpleister kosten,sierpleister kosten,https://bm-klus-bv.nl/sierpleister/,0,22,0,24.59,commercial,prijs_kosten,/sierpleister/,service,high,
sierpleister prijs,sierpleister prijs,https://bm-klus-bv.nl/gevelisolatie/kosten/,0,1,0,53,commercial,prijs_kosten,/gevelisolatie/kosten/,cluster,high,
sierpleister prijs,sierpleister prijs,https://bm-klus-bv.nl/sierpleister/,0,12,0,36.75,commercial,prijs_kosten,/sierpleister/,service,high,
sierpleister repareren,sierpleister repareren,https://bm-klus-bv.nl/sierpleister/,0,27,0,41.3,commercial_investigative,stuc_crepi,/sierpleister/,service,high,
sierpleister schoonmaken,sierpleister schoonmaken,https://bm-klus-bv.nl/diensten/,0,2,0,63,commercial_investigative,stuc_crepi,/diensten/,service,high,
sierpleister schoonmaken,sierpleister schoonmaken,https://bm-klus-bv.nl/sierpleister/,0,1,0,97,commercial_investigative,stuc_crepi,/sierpleister/,service,high,
sierpleister spachtelputz,sierpleister spachtelputz,https://bm-klus-bv.nl/sierpleister/,0,2,0,6.5,commercial_investigative,stuc_crepi,/sierpleister/,service,high,
sierpleister voor buiten,sierpleister voor buiten,https://bm-klus-bv.nl/buiten-stucwerk/,0,1,0,21,commercial_investigative,stuc_crepi,/buiten-stucwerk/,service,high,
sierpleister voor buiten,sierpleister voor buiten,https://bm-klus-bv.nl/gevelisolatie/afwerkingen/,0,1,0,90,commercial_investigative,stuc_crepi,/gevelisolatie/afwerkingen/,cluster,high,
sierpleister voor buiten,sierpleister voor buiten,https://bm-klus-bv.nl/sierpleister/,0,5,0,25.2,commercial_investigative,stuc_crepi,/sierpleister/,service,high,
soorten stucwerk buiten,soorten stucwerk buiten,https://bm-klus-bv.nl/buiten-stucwerk/,0,1,0,3,commercial_investigative,stuc_crepi,/buiten-stucwerk/,service,high,
spachtelputz 3mm,spachtelputz 3mm,https://bm-klus-bv.nl/sierpleister/,0,6,0,12.17,commercial_investigative,stuc_crepi,/sierpleister/,service,high,
spachtelputz buiten,spachtelputz buiten,https://bm-klus-bv.nl/sierpleister/,0,15,0,77.07,commercial_investigative,stuc_crepi,/sierpleister/,service,high,
spachtelputz buitengevel,spachtelputz buitengevel,https://bm-klus-bv.nl/buiten-stucwerk/,0,1,0,2,commercial_investigative,stuc_crepi,/buiten-stucwerk/,service,high,
spachtelputz buitengevel,spachtelputz buitengevel,https://bm-klus-bv.nl/sierpleister/,0,4,0,5.5,commercial_investigative,stuc_crepi,/sierpleister/,service,high,
spachtelputz gevel,spachtelputz gevel,https://bm-klus-bv.nl/buiten-stucwerk/,0,8,0,80.5,commercial_investigative,stuc_crepi,/buiten-stucwerk/,service,high,
spachtelputz gevel,spachtelputz gevel,https://bm-klus-bv.nl/sierpleister/,0,1,0,1,commercial_investigative,stuc_crepi,/sierpleister/,service,high,
spachtelputz korrelgrootte,spachtelputz korrelgrootte,https://bm-klus-bv.nl/sierpleister/,0,1,0,20,commercial_investigative,stuc_crepi,/sierpleister/,service,high,
spachtelputz prijs,spachtelputz prijs,https://bm-klus-bv.nl/sierpleister/,0,4,0,44.25,commercial,prijs_kosten,/sierpleister/,service,high,
spachtelputz prijzen,spachtelputz prijzen,https://bm-klus-bv.nl/sierpleister/,0,15,0,56.27,commercial_investigative,stuc_crepi,/sierpleister/,service,high,
spachtelputz voor buiten,spachtelputz voor buiten,https://bm-klus-bv.nl/sierpleister/,0,1,0,52,commercial_investigative,stuc_crepi,/sierpleister/,service,high,
specialistisch stucwerk in rotterdam,specialistisch stucwerk in rotterdam,https://bm-klus-bv.nl/,0,44,0,30.32,commercial_investigative,stuc_crepi,/,home,high,
steenstrips,steenstrips,https://bm-klus-bv.nl/gevelisolatie/,0,1,0,11,commercial_investigative,steenstrips,/gevelisolatie/,service,high,
steenstrips buitengevel,steenstrips buitengevel,https://bm-klus-bv.nl/buiten-stucwerk/,0,1,0,2,commercial_investigative,steenstrips,/buiten-stucwerk/,service,high,
steenstrips stucen,steenstrips stucen,https://bm-klus-bv.nl/gevelisolatie/afwerkingen/,0,4,0,1,commercial_investigative,steenstrips,/gevelisolatie/afwerkingen/,cluster,high,
stof verwijderen na verbouwing,stof verwijderen na verbouwing,https://bm-klus-bv.nl/schoonmaak-na-verbouwing/,0,12,0,35.33,commercial_investigative,other,/schoonmaak-na-verbouwing/,service,high,
strakke nieuwbouw muren,strakke nieuwbouw muren,https://bm-klus-bv.nl/muren-stucen/,0,27,0,26.48,commercial_investigative,other,/muren-stucen/,service,high,
stuc buiten,stuc buiten,https://bm-klus-bv.nl/buiten-stucwerk/,0,9,0,31.33,commercial_investigative,stuc_crepi,/buiten-stucwerk/,service,high,
stuc buitenmuur,stuc buitenmuur,https://bm-klus-bv.nl/buiten-stucwerk/,0,2,0,3.5,commercial_investigative,stuc_crepi,/buiten-stucwerk/,service,high,
stuc voor buiten,stuc voor buiten,https://bm-klus-bv.nl/buiten-stucwerk/,0,6,0,26.67,commercial_investigative,stuc_crepi,/buiten-stucwerk/,service,high,
stuc voor buitenmuur,stuc voor buitenmuur,https://bm-klus-bv.nl/buiten-stucwerk/,0,2,0,2.5,commercial_investigative,stuc_crepi,/buiten-stucwerk/,service,high,
stucen behangklaar,stucen behangklaar,https://bm-klus-bv.nl/muren-stucen/,0,29,0,24.55,commercial_investigative,stuc_crepi,/muren-stucen/,service,high,
stucen buitengevel,stucen buitengevel,https://bm-klus-bv.nl/buiten-stucwerk/,0,5,0,39.4,commercial_investigative,stuc_crepi,/buiten-stucwerk/,service,high,
stucen buitenmuur,stucen buitenmuur,https://bm-klus-bv.nl/buiten-stucwerk/,0,12,0,14.25,commercial_investigative,stuc_crepi,/buiten-stucwerk/,service,high,
stucen buitenmuur kosten,stucen buitenmuur kosten,https://bm-klus-bv.nl/buiten-stucwerk/,0,2,0,10,commercial,prijs_kosten,/buiten-stucwerk/,service,high,
stucen gevel,stucen gevel,https://bm-klus-bv.nl/buiten-stucwerk/,0,39,0,16.33,commercial_investigative,stuc_crepi,/buiten-stucwerk/,service,high,
stucen muren,stucen muren,https://bm-klus-bv.nl/,0,5,0,94.8,commercial_investigative,stuc_crepi,/,home,high,
stucen muren,stucen muren,https://bm-klus-bv.nl/muren-stucen-2/,0,4,0,84.5,commercial_investigative,stuc_crepi,/muren-stucen-2/,,low,
stucen rotterdam,stucen rotterdam,https://bm-klus-bv.nl/,0,19,0,87.79,commercial_investigative,stuc_crepi,/,home,high,
stucen rotterdam,stucen rotterdam,https://bm-klus-bv.nl/muren-stucen-2/,0,8,0,79,commercial_investigative,stuc_crepi,/muren-stucen-2/,,low,
stucen rotterdam,stucen rotterdam,https://bm-klus-bv.nl/muren-stucen/,0,20,0,19.9,commercial_investigative,stuc_crepi,/muren-stucen/,service,high,
stucen van muren,stucen van muren,https://bm-klus-bv.nl/muren-stucen-2/,0,2,0,62.5,commercial_investigative,stuc_crepi,/muren-stucen-2/,,low,
stuck werk,stuck werk,https://bm-klus-bv.nl/,0,1,0,11,commercial_investigative,stuc_crepi,/,home,high,
stucmortel,stucmortel,https://bm-klus-bv.nl/buiten-stucwerk/,0,1,0,2,commercial_investigative,stuc_crepi,/buiten-stucwerk/,service,high,
stucmortel buiten,stucmortel buiten,https://bm-klus-bv.nl/buiten-stucwerk/,0,3,0,16.33,commercial_investigative,stuc_crepi,/buiten-stucwerk/,service,high,
stucmortel voor buiten,stucmortel voor buiten,https://bm-klus-bv.nl/buiten-stucwerk/,0,2,0,12.5,commercial_investigative,stuc_crepi,/buiten-stucwerk/,service,high,
stucplaat buitengevel,stucplaat buitengevel,https://bm-klus-bv.nl/buiten-stucwerk/,0,1,0,2,commercial_investigative,stuc_crepi,/buiten-stucwerk/,service,high,
stucplaten voor buiten,stucplaten voor buiten,https://bm-klus-bv.nl/buiten-stucwerk/,0,1,0,2,commercial_investigative,stuc_crepi,/buiten-stucwerk/,service,high,
stucwerk behangklaar,stucwerk behangklaar,https://bm-klus-bv.nl/muren-stucen/,0,2,0,38.5,commercial_investigative,stuc_crepi,/muren-stucen/,service,high,
stucwerk binnen,stucwerk binnen,https://bm-klus-bv.nl/muren-stucen/,0,1,0,11,commercial_investigative,stuc_crepi,/muren-stucen/,service,high,
stucwerk buiten,stucwerk buiten,https://bm-klus-bv.nl/buiten-stucwerk/,0,28,0,39.68,commercial_investigative,stuc_crepi,/buiten-stucwerk/,service,high,
stucwerk buiten repareren,stucwerk buiten repareren,https://bm-klus-bv.nl/buiten-stucwerk/,0,1,0,40,commercial_investigative,stuc_crepi,/buiten-stucwerk/,service,high,
stucwerk buitengevel,stucwerk buitengevel,https://bm-klus-bv.nl/buiten-stucwerk/,0,1,0,88,commercial_investigative,stuc_crepi,/buiten-stucwerk/,service,high,
stucwerk buitengevels,stucwerk buitengevels,https://bm-klus-bv.nl/buiten-stucwerk/,0,46,0,42.83,commercial_investigative,stuc_crepi,/buiten-stucwerk/,service,high,
stucwerk buitenmuur,stucwerk buitenmuur,https://bm-klus-bv.nl/buiten-stucwerk/,0,6,0,34.5,commercial_investigative,stuc_crepi,/buiten-stucwerk/,service,high,
stucwerk buitenmuur repareren,stucwerk buitenmuur repareren,https://bm-klus-bv.nl/buiten-stucwerk/,0,1,0,3,commercial_investigative,stuc_crepi,/buiten-stucwerk/,service,high,
stucwerk gevel,stucwerk gevel,https://bm-klus-bv.nl/buiten-stucwerk/,0,1,0,1,commercial_investigative,stuc_crepi,/buiten-stucwerk/,service,high,
stucwerk gevels,stucwerk gevels,https://bm-klus-bv.nl/buiten-stucwerk/,0,2,0,18.5,commercial_investigative,stuc_crepi,/buiten-stucwerk/,service,high,
stucwerk gevels,stucwerk gevels,https://bm-klus-bv.nl/sierpleister/,0,4,0,79,commercial_investigative,stuc_crepi,/sierpleister/,service,high,
stucwerk op isolatie detail,stucwerk op isolatie detail,https://bm-klus-bv.nl/buiten-stucwerk/,0,10,0,4.1,commercial_investigative,stuc_crepi,/buiten-stucwerk/,service,high,
stucwerk rotterdam,stucwerk rotterdam,https://bm-klus-bv.nl/muren-stucen/,0,1,0,23,commercial_investigative,stuc_crepi,/muren-stucen/,service,high,
stucwerk sausklaar,stucwerk sausklaar,https://bm-klus-bv.nl/muren-stucen/,0,29,0,43.45,commercial_investigative,stuc_crepi,/muren-stucen/,service,high,
stucwerk verwijderen baksteen,stucwerk verwijderen baksteen,https://bm-klus-bv.nl/buiten-stucwerk/,0,1,0,3,commercial_investigative,stuc_crepi,/buiten-stucwerk/,service,high,
stucwerk voor buiten,stucwerk voor buiten,https://bm-klus-bv.nl/buiten-stucwerk/,0,7,0,62.29,commercial_investigative,stuc_crepi,/buiten-stucwerk/,service,high,
stucwerk zuid holland,stucwerk zuid holland,https://bm-klus-bv.nl/buiten-stucwerk/,0,2,0,86,commercial_investigative,stuc_crepi,/buiten-stucwerk/,service,high,
stukadoor buitengevel,stukadoor buitengevel,https://bm-klus-bv.nl/buiten-stucwerk/,0,2,0,2.5,commercial_investigative,core_isolation,/buiten-stucwerk/,service,high,
stukadoors rotterdam,stukadoors rotterdam,https://bm-klus-bv.nl/,0,1,0,4,commercial_investigative,other,/,home,high,
stukadoorsbedrijf klus,stukadoorsbedrijf klus,https://bm-klus-bv.nl/over_ons/,0,19,0,88.16,commercial_investigative,other,/over_ons/,,low,
stukadoorsbedrijf rotterdam,stukadoorsbedrijf rotterdam,https://bm-klus-bv.nl/,0,1,0,8,commercial_investigative,other,/,home,high,
stukadoorsbedrijf zuid-holland,stukadoorsbedrijf zuid-holland,https://bm-klus-bv.nl/buiten-stucwerk/,0,8,0,98,commercial_investigative,other,/buiten-stucwerk/,service,high,
tuinmuur stucen,tuinmuur stucen,https://bm-klus-bv.nl/buiten-stucwerk/,0,3,0,2.33,commercial_investigative,stuc_crepi,/buiten-stucwerk/,service,high,
tuinmuurtje stucen,tuinmuurtje stucen,https://bm-klus-bv.nl/buiten-stucwerk/,0,1,0,4,commercial_investigative,stuc_crepi,/buiten-stucwerk/,service,high,
van behangklaar naar sausklaar,van behangklaar naar sausklaar,https://bm-klus-bv.nl/muren-stucen/,0,3,0,24.33,commercial_investigative,other,/muren-stucen/,service,high,
van behangklaar naar sausklaar kosten,van behangklaar naar sausklaar kosten,https://bm-klus-bv.nl/muren-stucen/,0,17,0,14.76,commercial,prijs_kosten,/muren-stucen/,service,high,
verbouw schoonmaak,verbouw schoonmaak,https://bm-klus-bv.nl/schoonmaak-na-verbouwing/,0,59,0,19.37,commercial_investigative,other,/schoonmaak-na-verbouwing/,service,high,
verbouwing schoonmaak,verbouwing schoonmaak,https://bm-klus-bv.nl/schoonmaak-na-verbouwing/,0,117,0,33.19,commercial_investigative,other,/schoonmaak-na-verbouwing/,service,high,
verbouwing woning,verbouwing woning,https://bm-klus-bv.nl/,0,1,0,1,commercial_investigative,other,/,home,high,
vergunning gevelisolatie,vergunning gevelisolatie,https://bm-klus-bv.nl/gevelisolatie/subsidie-vergunning/,0,1,0,1,commercial_investigative,subsidie_vergunning,/gevelisolatie/subsidie-vergunning/,cluster,high,
verschil behangklaar en sausklaar,verschil behangklaar en sausklaar,https://bm-klus-bv.nl/muren-stucen/,0,10,0,19.5,informational,other,/muren-stucen/,service,high,
vochtbestrijding rotterdam,vochtbestrijding rotterdam,https://bm-klus-bv.nl/,0,1,0,31,commercial_investigative,other,/,home,high,
vochtproblemen rotterdam,vochtproblemen rotterdam,https://bm-klus-bv.nl/,0,24,0,26.79,commercial_investigative,other,/,home,high,
wand schilderen zuid-holland,wand schilderen zuid-holland,https://bm-klus-bv.nl/diensten/,0,10,0,15,commercial_investigative,stuc_crepi,/diensten/,service,high,
wand schilderen zuid-holland,wand schilderen zuid-holland,https://bm-klus-bv.nl/gevel-schilderen/,0,2,0,48.5,commercial_investigative,stuc_crepi,/gevel-schilderen/,service,high,
wanden behangklaar,wanden behangklaar,https://bm-klus-bv.nl/muren-stucen/,0,9,0,63.56,commercial_investigative,other,/muren-stucen/,service,high,
wanden sausklaar maken,wanden sausklaar maken,https://bm-klus-bv.nl/muren-stucen/,0,7,0,30.71,commercial_investigative,other,/muren-stucen/,service,high,
wanden stucen,wanden stucen,https://bm-klus-bv.nl/muren-stucen/,0,1,0,45,commercial_investigative,stuc_crepi,/muren-stucen/,service,high,
wapeningsmat,wapeningsmat,https://bm-klus-bv.nl/sierpleister/,0,1,0,61,commercial_investigative,other,/sierpleister/,service,high,
wat betekent sausklaar,wat betekent sausklaar,https://bm-klus-bv.nl/muren-stucen/,0,3,0,3,commercial_investigative,other,/muren-stucen/,service,high,
wat betekent sausklaar opleveren,wat betekent sausklaar opleveren,https://bm-klus-bv.nl/muren-stucen/,0,3,0,1,commercial_investigative,other,/muren-stucen/,service,high,
wat is etics,wat is etics,https://bm-klus-bv.nl/gevelisolatie/,0,3,0,6.67,informational,core_isolation,/gevelisolatie/,service,high,
wat is sausklaar,wat is sausklaar,https://bm-klus-bv.nl/muren-stucen/,0,1,0,3,informational,other,/muren-stucen/,service,high,
wat is sausklaar opleveren,wat is sausklaar opleveren,https://bm-klus-bv.nl/muren-stucen/,0,1,0,1,informational,other,/muren-stucen/,service,high,
wat kost buitenmuur stucen,wat kost buitenmuur stucen,https://bm-klus-bv.nl/buiten-stucwerk/,0,36,0,19.33,commercial,prijs_kosten,/buiten-stucwerk/,service,high,
wat kost gevel isolatie,wat kost gevel isolatie,https://bm-klus-bv.nl/gevelisolatie/kosten/,0,5,0,11.6,commercial,prijs_kosten,/gevelisolatie/kosten/,cluster,high,
wat kost gevelisolatie,wat kost gevelisolatie,https://bm-klus-bv.nl/gevelisolatie/,0,1,0,73,commercial,prijs_kosten,/gevelisolatie/,service,high,
wat kost gevelisolatie,wat kost gevelisolatie,https://bm-klus-bv.nl/gevelisolatie/kosten/,0,4,0,20.75,commercial,prijs_kosten,/gevelisolatie/kosten/,cluster,high,
waterdichte sierpleister,waterdichte sierpleister,https://bm-klus-bv.nl/gevelisolatie/afwerkingen/,0,1,0,18,commercial_investigative,stuc_crepi,/gevelisolatie/afwerkingen/,cluster,high,
weber buitenstuc,weber buitenstuc,https://bm-klus-bv.nl/buiten-stucwerk/,0,1,0,5,commercial_investigative,stuc_crepi,/buiten-stucwerk/,service,high,
welke kleur is dit,welke kleur is dit,https://bm-klus-bv.nl/gevelisolatie/afwerkingen/,0,1,0,1,commercial_investigative,other,/gevelisolatie/afwerkingen/,cluster,high,
welke soorten stucwerk zijn geschikt voor moderne interieurstijlen?,welke soorten stucwerk zijn geschikt voor moderne interieurstijlen?,https://bm-klus-bv.nl/images/muren-stucen-voordelen.webp,0,1,0,12,commercial_investigative,stuc_crepi,/images/muren-stucen-voordelen.webp/,,low,
welke soorten stucwerk zijn geschikt voor moderne interieurstijlen?,welke soorten stucwerk zijn geschikt voor moderne interieurstijlen?,https://bm-klus-bv.nl/muren-stucen/,0,1,0,12,commercial_investigative,stuc_crepi,/muren-stucen/,service,high,
werken bij site:bm-klus-bv.nl,werken bij site:bm-klus-bv.nl,https://bm-klus-bv.nl/,0,6,0,1,navigational,other,/,home,high,
werken bij site:bm-klus-bv.nl,werken bij site:bm-klus-bv.nl,https://bm-klus-bv.nl/buiten-stucwerk/,0,6,0,3.5,navigational,other,/buiten-stucwerk/,service,high,
werken bij site:bm-klus-bv.nl,werken bij site:bm-klus-bv.nl,https://bm-klus-bv.nl/gevel-schilderen/,0,6,0,6.5,navigational,other,/gevel-schilderen/,service,high,
werken bij site:bm-klus-bv.nl,werken bij site:bm-klus-bv.nl,https://bm-klus-bv.nl/gevelisolatie/,0,6,0,3.5,navigational,other,/gevelisolatie/,service,high,
werken bij site:bm-klus-bv.nl,werken bij site:bm-klus-bv.nl,https://bm-klus-bv.nl/muren-stucen-2/,0,6,0,2,navigational,other,/muren-stucen-2/,,low,
werken bij site:bm-klus-bv.nl,werken bij site:bm-klus-bv.nl,https://bm-klus-bv.nl/schoonmaak-na-verbouwing/,0,6,0,5.83,navigational,other,/schoonmaak-na-verbouwing/,service,high,
werken bij site:bm-klus-bv.nl,werken bij site:bm-klus-bv.nl,https://bm-klus-bv.nl/sierpleister/,0,6,0,5.67,navigational,other,/sierpleister/,service,high,
zelf buitenmuur stucen,zelf buitenmuur stucen,https://bm-klus-bv.nl/buiten-stucwerk/,0,2,0,4,commercial_investigative,stuc_crepi,/buiten-stucwerk/,service,high,
строительная фирма,строительная фирма,https://bm-klus-bv.nl/,0,1,0,1,commercial_investigative,other,/,home,high,
